pid,name,age,height,weight,gp,pts,reb,ast,net_rating,season
3790,Fred VanVleet,26,185.42,89.357624,54,17.6,3.8,6.6,4.8,2019-20
3797,Furkan Korkmaz,22,200.66,91.625584,72,9.8,2.3,1.1,2.7,2019-20
3800,Gabe Vincent,24,190.5,90.7184,9,2.4,0.6,0.7,-15.9,2019-20
3806,Garrett Temple,34,195.58,88.45044,62,10.3,3.5,2.5,-1.4,2019-20
3810,Garrison Mathews,23,195.58,97.52228,18,5.4,1.3,0.6,7.1,2019-20
3813,Gary Clark,25,198.12,102.0582,42,3.7,2.6,0.4,-5.1,2019-20
3816,Gary Harris,25,193.04,95.25432,56,10.4,2.9,2.1,3.4,2019-20
3819,Gary Payton II,27,190.5,88.45044,29,3.9,2.8,1.7,-14.3,2019-20
3823,Gary Trent Jr.,21,195.58,94.800728,61,8.9,1.6,1,-1.4,2019-20
3826,George Hill,34,190.5,85.275296,59,9.4,3,3.1,10.6,2019-20
3829,Georges Niang,27,200.66,104.32616,66,5.9,1.9,0.7,-1.1,2019-20
3832,Giannis Antetokounmpo,25,210.82,109.769264,63,29.5,13.6,5.6,15.4,2019-20
3836,Glenn Robinson III,26,198.12,100.697424,62,11.7,4.4,1.5,-7.8,2019-20
3839,Goga Bitadze,20,210.82,113.398,54,3.2,2,0.4,-1.4,2019-20
3842,Goran Dragic,34,190.5,86.18248,59,16.2,3.2,5.1,3.5,2019-20
3846,Gordon Hayward,30,200.66,102.0582,52,17.5,6.7,4.1,8.5,2019-20
3849,Gorgui Dieng,30,208.28,114.305184,63,7.4,5.6,1.2,-3.6,2019-20
3855,Grant Williams,21,198.12,107.047712,69,3.4,2.6,1,6.3,2019-20
3859,Grayson Allen,24,193.04,89.811216,38,8.7,2.2,1.4,-6,2019-20
3865,Hamidou Diallo,21,195.58,91.625584,46,6.9,3.6,0.8,0.9,2019-20
3868,Harrison Barnes,28,203.2,102.0582,72,14.5,4.9,2.2,-2.5,2019-20
3872,Harry Giles III,22,210.82,108.86208,46,6.9,4.1,1.3,-8.2,2019-20
3875,Hassan Whiteside,31,213.36,120.20188,67,15.5,13.5,1.2,2.7,2019-20
3878,Henry Ellenson,23,208.28,108.86208,5,0.4,1.2,0.2,27.3,2019-20
3881,Ian Mahinmi,33,210.82,118.841104,38,7.4,5.7,1.3,-4.5,2019-20
3885,Ignas Brazdeikis,21,198.12,100.243832,9,1.9,0.6,0.4,-7.1,2019-20
3888,Iman Shumpert,30,195.58,96.161504,13,4.2,2.6,0.9,-9,2019-20
3895,Isaac Bonga,20,203.2,81.64656,66,5,3.4,1.2,-0.4,2019-20
3901,Isaiah Hartenstein,22,213.36,113.398,23,4.7,3.9,0.8,8.7,2019-20
3787,Frank Ntilikina,21,193.04,90.7184,57,6.3,2.1,3,-3.9,2019-20
3908,Isaiah Roby,22,203.2,104.32616,3,0,0.7,0,-11.5,2019-20
3784,Frank Mason,26,180.34,86.18248,9,6.9,2.1,3.2,-1.8,2019-20
3777,Frank Jackson,22,190.5,92.98636,59,6.3,1.4,1,-3.4,2019-20
3669,Domantas Sabonis,24,210.82,108.86208,62,18.5,12.4,5,3.1,2019-20
3672,Donovan Mitchell,23,185.42,97.52228,69,24,4.4,4.3,2.6,2019-20
3676,Donta Hall,22,205.74,103.872568,9,4.3,4.2,0.4,-12,2019-20
3679,Donte DiVincenzo,23,193.04,92.079176,66,9.2,4.8,2.3,12.2,2019-20
3682,Dorian Finney-Smith,27,200.66,99.79024,71,9.5,5.7,1.6,6.5,2019-20
3686,Doug McDermott,28,200.66,102.0582,69,10.3,2.5,1.1,3.2,2019-20
3689,Dragan Bender,22,213.36,112.944408,16,6.7,4.6,1.8,1.1,2019-20
3692,Draymond Green,30,198.12,104.32616,43,8,6.2,6.2,-7.2,2019-20
3695,Drew Eubanks,23,205.74,111.13004,22,4.9,3.9,0.7,-11,2019-20
3699,Duncan Robinson,26,200.66,97.52228,73,13.5,3.2,1.4,7.5,2019-20
3702,Dusty Hannahs,26,190.5,95.25432,2,6,0.5,0,17.2,2019-20
3705,Dwayne Bacon,24,198.12,100.243832,39,5.7,2.6,1.3,-8.2,2019-20
3708,Dwight Howard,34,208.28,120.20188,69,7.5,7.3,0.7,5.9,2019-20
3712,Dwight Powell,28,208.28,108.86208,40,9.4,5.7,1.5,8.9,2019-20
3718,Dzanan Musa,21,205.74,98.429464,40,4.8,2.2,1.1,-2.5,2019-20
3721,E'Twaun Moore,31,190.5,86.636072,56,8.3,2.3,1.4,-2.2,2019-20
3725,Ed Davis,31,205.74,98.883056,28,1.8,3.8,0.4,-15.2,2019-20
3728,Edmond Sumner,24,193.04,88.904032,31,4.9,1.5,1.8,-2.6,2019-20
3731,Elfrid Payton,26,190.5,88.45044,45,10,4.7,7.2,-3,2019-20
3735,Elie Okobo,22,190.5,86.18248,55,4,1.6,2.1,-3.2,2019-20
3744,Emmanuel Mudiay,24,190.5,90.7184,54,7.3,2.3,2.1,-2,2019-20
3748,Enes Kanter,28,208.28,113.398,58,8.1,7.4,1,9.9,2019-20
3751,Eric Bledsoe,30,185.42,97.068688,61,14.9,4.6,5.4,11.8,2019-20
3754,Eric Gordon,31,190.5,97.52228,36,14.4,2,1.5,0.4,2019-20
3757,Eric Mika,25,208.28,105.686936,1,6,7,0,19.5,2019-20
3761,Eric Paschall,23,198.12,115.66596,60,14,4.6,2.1,-10.6,2019-20
3764,Ersan Ilyasova,33,205.74,106.59412,63,6.6,4.8,0.8,4.2,2019-20
3767,Evan Fournier,27,200.66,92.98636,66,18.5,2.6,3.2,-1.8,2019-20
3770,Evan Turner,31,198.12,99.79024,19,3.3,2,2,-11.4,2019-20
3780,Frank Kaminsky,27,213.36,108.86208,39,9.7,4.5,1.9,-1,2019-20
3666,Dion Waiters,28,190.5,95.25432,10,11.1,2.4,2,7.8,2019-20
3914,Isaiah Thomas,31,175.26,83.91452,40,12.2,1.7,3.7,-10.4,2019-20
3921,Ivica Zubac,23,213.36,108.86208,72,8.3,7.5,1.1,8.9,2019-20
4061,Jaylen Hoard,21,203.2,97.975872,13,2.9,2.5,0.3,3,2019-20
4064,Jaylen Nowell,20,193.04,91.171992,15,3.8,0.9,1.3,1.2,2019-20
4068,Jayson Tatum,22,203.2,95.25432,66,23.4,7,3,10.6,2019-20
4071,Jeff Green,33,203.2,106.59412,48,9.4,2.8,1,-3.8,2019-20
4074,Jeff Teague,32,190.5,88.45044,59,10.9,2.4,5.2,-5.7,2019-20
4077,Jerami Grant,26,203.2,95.25432,71,12,3.5,1.2,-2.1,2019-20
4081,Jeremiah Martin,24,187.96,83.91452,9,7.1,1.1,2,-8.4,2019-20
4084,Jeremy Lamb,28,195.58,81.64656,46,12.5,4.3,2.1,-0.9,2019-20
4087,Jeremy Pargo,34,187.96,99.336648,3,8.3,1,2.7,2.4,2019-20
4090,Jerian Grant,27,193.04,89.811216,6,4.5,1,1.5,-3.6,2019-20
4094,Jerome Robinson,23,193.04,86.18248,63,5.1,2,1.4,-1,2019-20
4097,Jevon Carter,24,185.42,90.7184,58,4.9,2,1.4,0.7,2019-20
4100,Jimmy Butler,30,200.66,104.32616,58,19.9,6.7,6,5.2,2019-20
4104,Joakim Noah,35,210.82,105.233344,5,2.8,3.2,1.4,-14.6,2019-20
4107,Joe Chealey,24,193.04,86.18248,4,0.5,0,0.3,-23.4,2019-20
4110,Joe Harris,28,198.12,99.79024,69,14.5,4.3,2.1,0.9,2019-20
4113,Joe Ingles,32,200.66,99.79024,72,9.8,3.9,5.2,5.1,2019-20
4117,Joel Embiid,26,213.36,127.00576,51,23,11.6,3,5.2,2019-20
4120,John Collins,22,205.74,106.59412,41,21.6,10.1,1.5,-5.1,2019-20
4123,John Henson,29,205.74,99.336648,40,5.5,4.1,1.4,-0.7,2019-20
4126,John Konchar,24,195.58,95.25432,19,2.8,2.5,1.2,4.9,2019-20
4133,Johnathan Motley,25,203.2,104.32616,13,2.2,0.8,0.6,5.7,2019-20
4136,Johnathan Williams,25,205.74,103.418976,15,3,4.3,0.5,-11.6,2019-20
4139,Jonah Bolden,24,203.2,102.0582,7,1.4,1.3,0,-3.2,2019-20
4143,Jonas Valanciunas,28,210.82,120.20188,70,14.9,11.3,1.9,0.3,2019-20
4146,Jonathan Isaac,22,210.82,104.32616,34,11.9,6.8,1.4,0.7,2019-20
4153,Jordan Bell,25,203.2,97.975872,29,3.2,2.8,0.6,-1.6,2019-20
4156,Jordan Bone,22,190.5,81.64656,10,1.2,0.4,0.8,-2.9,2019-20
4159,Jordan Clarkson,28,193.04,87.996848,71,15.2,2.6,1.9,-0.5,2019-20
4058,Jaylen Brown,23,198.12,101.151016,57,20.3,6.4,2.1,6.9,2019-20
3917,Ish Smith,31,182.88,79.3786,68,10.9,3.2,4.9,-3.9,2019-20
4048,Jaxson Hayes,20,210.82,99.79024,64,7.4,4,0.9,-1.8,2019-20
4041,Jarrod Uthoff,27,205.74,99.79024,7,2.7,0.9,0,8.1,2019-20
3924,J.J. Barea,36,177.8,81.64656,29,7.7,1.8,3.9,2.9,2019-20
3927,J.P. Macura,25,193.04,92.079176,1,0,0,0,150,2019-20
3930,JJ Redick,36,190.5,90.7184,60,15.3,2.5,2,-1,2019-20
3934,JR Smith,34,198.12,99.79024,6,2.8,0.8,0.5,-16.7,2019-20
3937,Ja Morant,20,190.5,78.925008,67,17.8,3.9,7.3,-0.6,2019-20
3940,JaKarr Sampson,27,200.66,97.068688,34,4.6,2.6,0.6,1.9,2019-20
3944,JaMychal Green,30,203.2,102.965384,63,6.8,6.2,0.8,5,2019-20
3947,JaVale McGee,32,213.36,122.46984,68,6.6,5.7,0.5,5.8,2019-20
3950,Jabari Parker,25,203.2,111.13004,38,14,5.6,1.8,-4.9,2019-20
3953,Jacob Evans,23,193.04,95.25432,29,4.4,1.4,1.1,-11,2019-20
3960,Jae Crowder,29,198.12,106.59412,65,10.5,5.9,2.5,-2.9,2019-20
3966,Jahlil Okafor,24,208.28,122.46984,30,8.1,4.2,1.2,-10.1,2019-20
3973,Jake Layman,26,203.2,94.800728,23,9.1,2.5,0.7,2,2019-20
3976,Jakob Poeltl,24,215.9,111.13004,66,5.6,5.7,1.8,5.7,2019-20
3979,Jalen Brunson,23,185.42,86.18248,57,8.2,2.4,3.3,7.6,2019-20
3986,Jalen Lecque,20,193.04,83.91452,5,2,0.4,0.4,-20.2,2019-20
3989,Jalen McDaniels,22,208.28,92.98636,16,5.6,4.1,0.8,-3.6,2019-20
3996,Jamal Crawford,40,195.58,90.7184,1,5,0,3,26.7,2019-20
3999,Jamal Murray,23,193.04,97.52228,59,18.5,4,4.8,5.3,2019-20
4002,James Ennis III,29,198.12,97.52228,69,6.6,3.6,0.9,0.1,2019-20
4006,James Harden,30,195.58,99.79024,68,34.3,6.6,7.5,5.8,2019-20
4009,James Johnson,33,200.66,108.86208,32,8.4,3.7,2.3,-4.6,2019-20
4019,Jared Dudley,34,198.12,107.501304,45,1.5,1.2,0.6,3.3,2019-20
4022,Jared Harper,22,177.8,79.3786,3,0.7,0,0,-61.1,2019-20
4025,Jaren Jackson Jr.,20,210.82,109.769264,57,17.4,4.6,1.4,-2.6,2019-20
4028,Jarred Vanderbilt,21,205.74,97.068688,11,1.1,0.8,0.2,-23.4,2019-20
4032,Jarrell Brantley,24,195.58,113.398,9,2.7,2.2,1.2,-17,2019-20
4035,Jarrett Allen,22,210.82,110.222856,70,11.1,9.6,1.6,0.9,2019-20
4038,Jarrett Culver,21,198.12,88.45044,63,9.2,3.4,1.7,-3.3,2019-20
4045,Javonte Green,26,193.04,92.98636,48,3.4,1.9,0.5,-2.6,2019-20
3663,Dillon Brooks,24,200.66,102.0582,73,16.2,3.3,2.1,-0.3,2019-20
3656,Dewayne Dedmon,30,213.36,111.13004,44,5.8,5.7,0.5,-0.7,2019-20
3653,Dewan Hernandez,23,208.28,106.59412,6,2.3,2.3,0.5,17.2,2019-20
3281,Bismack Biyombo,27,203.2,115.66596,53,7.4,5.8,0.9,-6.6,2019-20
3284,Blake Griffin,31,205.74,113.398,18,15.5,4.7,3.3,-2.6,2019-20
3287,Boban Marjanovic,31,223.52,131.54168,44,6.6,4.5,0.5,5.5,2019-20
3290,Bobby Portis,25,208.28,113.398,66,10.1,5.1,1.5,-7.9,2019-20
3294,Bogdan Bogdanovic,27,198.12,99.79024,61,15.1,3.4,3.4,-1.7,2019-20
3297,Bojan Bogdanovic,31,203.2,102.511792,63,20.2,4.1,2.1,5.5,2019-20
3300,Bol Bol,20,218.44,99.79024,7,5.7,2.7,0.9,-9.8,2019-20
3303,Brad Wanamaker,30,190.5,95.25432,71,6.9,2,2.5,5,2019-20
3307,Bradley Beal,27,190.5,93.893544,57,30.5,4.2,6.1,-4.5,2019-20
3310,Brandon Clarke,23,203.2,97.52228,58,12.1,5.9,1.4,-0.1,2019-20
3313,Brandon Goodwin,24,182.88,81.64656,34,6.1,2.1,1.5,-13.8,2019-20
3317,Brandon Ingram,22,200.66,86.18248,62,23.8,6.1,4.2,-1.3,2019-20
3320,Brandon Knight,28,187.96,82.553744,25,7.3,1.6,2.8,-7.6,2019-20
3323,Brian Bowen II,21,198.12,86.18248,6,1,1.2,0,15.7,2019-20
3330,Brook Lopez,32,213.36,127.912944,68,12,4.6,1.5,12,2019-20
3333,Bruce Brown,23,193.04,91.625584,58,8.9,4.7,4,-4.3,2019-20
3336,Bruno Caboclo,24,205.74,98.883056,30,3,2,0.4,-5.1,2019-20
3339,Bruno Fernando,21,205.74,108.86208,56,4.3,3.5,0.9,-5.6,2019-20
3343,Bryn Forbes,26,187.96,92.98636,63,11.2,2,1.7,-6.8,2019-20
3346,Buddy Hield,27,193.04,99.79024,72,19.2,4.6,3,-3.1,2019-20
3352,CJ McCollum,28,190.5,86.18248,70,22.2,4.2,4.4,0.5,2019-20
3356,CJ Miles,33,198.12,99.79024,10,6.4,1.2,1.2,-1.3,2019-20
3359,Caleb Martin,24,195.58,92.98636,18,6.2,2.1,1.3,0.8,2019-20
3362,Caleb Swanigan,23,205.74,117.93392,27,2.4,3.7,1.1,-6.5,2019-20
3366,Cam Reddish,20,203.2,98.883056,58,10.5,3.7,1.5,-6.3,2019-20
3369,Cameron Johnson,24,203.2,95.25432,57,8.8,3.3,1.2,1,2019-20
3375,Cameron Payne,25,185.42,83.007336,8,10.9,3.9,3,23.1,2019-20
3382,Caris LeVert,25,198.12,92.98636,45,18.7,4.2,4.4,0.2,2019-20
3385,Carmelo Anthony,36,203.2,107.954896,58,15.4,6.3,1.5,0.6,2019-20
3277,Ben Simmons,23,208.28,108.86208,57,16.4,7.8,8,1.7,2019-20
3388,Carsen Edwards,22,180.34,90.7184,37,3.3,1.3,0.6,-5.5,2019-20
3274,Ben McLemore,27,190.5,88.45044,71,10.1,2.2,0.8,5,2019-20
3268,BJ Johnson,24,200.66,90.7184,10,3,1.5,0.3,-8.1,2019-20
3140,Aaron Holiday,23,182.88,83.91452,66,9.5,2.4,3.4,2.2,2019-20
3147,Abdel Nader,26,195.58,102.0582,55,6.3,1.8,0.7,-4.2,2019-20
3150,Adam Mokoka,21,195.58,86.18248,11,2.9,0.9,0.4,17.1,2019-20
3153,Admiral Schofield,23,195.58,109.315672,33,3,1.4,0.5,-7.1,2019-20
3157,Al Horford,34,205.74,108.86208,67,11.9,6.8,4,3.3,2019-20
3160,Al-Farouq Aminu,29,203.2,99.79024,18,4.3,4.8,1.2,-5.4,2019-20
3163,Alec Burks,28,198.12,97.068688,66,15,4.3,2.9,-6.3,2019-20
3170,Alen Smailagic,19,208.28,97.52228,14,4.2,1.9,0.9,-3,2019-20
3173,Alex Caruso,26,195.58,84.368112,64,5.5,1.9,1.9,9.8,2019-20
3176,Alex Len,27,213.36,113.398,55,8,5.8,0.9,-5.4,2019-20
3179,Alfonzo McKinnie,27,200.66,97.52228,40,4.6,2.8,0.4,-7.4,2019-20
3183,Alize Johnson,24,200.66,96.161504,17,2,2.8,0.4,8.9,2019-20
3186,Allen Crabbe,28,195.58,96.161504,37,4.6,2.1,0.9,-15,2019-20
3189,Allonzo Trier,24,193.04,90.7184,24,6.5,1.2,1.2,-11.1,2019-20
3196,Amile Jefferson,27,205.74,100.697424,18,0.8,1.3,0.2,8.5,2019-20
3199,Amir Coffey,23,200.66,95.25432,18,3.2,0.9,0.8,-0.5,2019-20
3206,Andre Drummond,26,208.28,126.552168,57,17.7,15.2,2.7,-5,2019-20
3209,Andre Iguodala,36,198.12,97.52228,21,4.6,3.7,2.4,-1.9,2019-20
3212,Andre Roberson,28,200.66,95.25432,7,2.9,3.9,0.6,-1.1,2019-20
3215,Andrew Wiggins,25,200.66,89.357624,54,21.8,5.1,3.7,-5.1,2019-20
3219,Anfernee Simons,21,190.5,82.100152,70,8.3,2.2,1.4,-7.6,2019-20
3222,Ante Zizic,23,208.28,120.655472,22,4.4,3,0.3,1.3,2019-20
3225,Anthony Davis,27,208.28,114.758776,62,26.1,9.3,3.2,5,2019-20
3238,Anthony Tolliver,35,203.2,108.86208,55,3.6,2.8,0.8,-6,2019-20
3241,Antonius Cleveland,26,195.58,88.45044,11,1,0.6,0.1,-7.8,2019-20
3245,Anzejs Pasecniks,24,218.44,103.872568,27,5.8,4,0.7,0.2,2019-20
3251,Aron Baynes,33,208.28,117.93392,42,11.5,5.6,1.6,-1.5,2019-20
3258,Austin Rivers,27,190.5,90.7184,68,8.8,2.6,1.7,2.6,2019-20
3261,Avery Bradley,29,190.5,81.64656,49,8.6,2.3,1.3,7.4,2019-20
3271,Bam Adebayo,22,205.74,115.66596,72,15.9,10.2,5.1,5,2019-20
3398,Cedi Osman,25,200.66,104.32616,65,11,3.6,2.4,-9,2019-20
3401,Chandler Hutchison,24,200.66,95.25432,28,7.8,3.9,0.9,-11.9,2019-20
3405,Chandler Parsons,31,205.74,104.32616,5,2.8,1.4,0.6,-29,2019-20
3532,Darius Bazley,20,203.2,94.347136,61,5.6,4,0.7,-3.2,2019-20
3535,Darius Garland,20,185.42,87.089664,59,12.3,1.9,3.9,-8.7,2019-20
3542,Daryl Macon,24,187.96,83.91452,4,0.8,0,0.3,7.6,2019-20
3545,David Nwaba,27,195.58,99.336648,20,5.2,2.3,0.4,7.2,2019-20
3548,Davis Bertans,27,208.28,102.0582,54,15.4,4.5,1.7,-0.3,2019-20
3552,De'Aaron Fox,22,190.5,83.91452,51,21.1,3.8,6.8,-4,2019-20
3555,De'Andre Hunter,22,200.66,102.0582,63,12.3,4.5,1.8,-5.5,2019-20
3558,De'Anthony Melton,22,187.96,90.7184,60,7.6,3.7,2.9,5.1,2019-20
3561,DeAndre Jordan,31,210.82,120.20188,56,8.3,10,1.9,-1.8,2019-20
3565,DeAndre' Bembry,25,195.58,95.25432,43,5.8,3.5,1.9,-11.8,2019-20
3568,DeMar DeRozan,30,198.12,99.79024,68,22.1,5.5,5.6,-1.8,2019-20
3575,DeMarre Carroll,33,198.12,97.52228,24,3.6,2.3,1,0,2019-20
3578,Dean Wade,23,205.74,103.418976,12,1.7,1.6,0.2,-6.5,2019-20
3581,Deandre Ayton,21,210.82,113.398,38,18.2,11.5,1.9,4,2019-20
3588,Dejounte Murray,23,193.04,81.64656,66,10.9,5.8,4.1,-4.2,2019-20
3591,Delon Wright,28,195.58,83.91452,73,6.9,3.8,3.3,1.7,2019-20
3597,Dennis Schroder,26,185.42,78.017824,65,18.9,3.6,4,5.5,2019-20
3601,Dennis Smith Jr.,22,187.96,92.98636,34,5.5,2.3,2.9,-17.1,2019-20
3604,Denzel Valentine,26,193.04,99.79024,36,6.8,2.1,1.2,-5,2019-20
3607,Deonte Burton,26,193.04,108.86208,39,2.7,1.5,0.4,-12.7,2019-20
3610,Derrick Favors,28,205.74,120.20188,51,9,9.8,1.6,4.2,2019-20
3614,Derrick Jones Jr.,23,198.12,95.25432,59,8.5,3.9,1.1,-0.5,2019-20
3617,Derrick Rose,31,187.96,90.7184,50,18.1,2.4,5.6,-3.4,2019-20
3620,Derrick Walton Jr.,25,182.88,83.91452,26,2,0.6,1,-0.9,2019-20
3623,Derrick White,25,193.04,86.18248,68,11.3,3.3,3.5,1,2019-20
3630,Devin Booker,23,195.58,93.439952,70,26.6,4.2,6.5,2.7,2019-20
3643,Devon Hall,24,195.58,97.52228,11,1.8,0.6,1.2,3.8,2019-20
3646,Devontae Cacok,23,203.2,108.86208,1,6,5,1,22.7,2019-20
3650,Devonte' Graham,25,185.42,88.45044,63,18.2,3.4,7.5,-4.5,2019-20
3529,Dario Saric,26,208.28,102.0582,66,10.7,6.2,1.9,-1.2,2019-20
3526,Danuel House Jr.,27,198.12,99.79024,63,10.5,4.2,1.3,3.3,2019-20
3522,Dante Exum,24,195.58,97.068688,35,4.5,1.9,1.1,-8.8,2019-20
3519,Danny Green,33,198.12,97.52228,68,8,3.3,1.3,6.4,2019-20
3408,Charlie Brown Jr.,23,198.12,90.264808,10,2,0.4,0.2,33.9,2019-20
3411,Chasson Randle,27,187.96,83.91452,3,1.7,0.7,1.7,-2,2019-20
3414,Cheick Diallo,23,203.2,99.336648,47,4.7,2.8,0.5,-3.8,2019-20
3418,Chimezie Metu,23,205.74,102.0582,18,3.2,1.8,0.6,-6.7,2019-20
3421,Chris Boucher,27,205.74,90.7184,62,6.6,4.5,0.4,5.7,2019-20
3424,Chris Chiozza,24,180.34,79.3786,28,5.1,1.9,3,9.3,2019-20
3428,Chris Clemons,22,175.26,81.64656,33,4.9,0.9,0.8,-8.8,2019-20
3431,Chris Paul,35,185.42,79.3786,70,17.6,5,6.7,6.9,2019-20
3434,Chris Silva,23,203.2,106.140528,44,3,2.9,0.5,-6,2019-20
3437,Christian Wood,24,208.28,97.068688,62,13.1,6.3,1,2,2019-20
3444,Clint Capela,26,208.28,108.86208,39,13.9,13.8,1.2,2.5,2019-20
3447,Coby White,20,193.04,88.45044,65,13.2,3.5,2.7,-4.4,2019-20
3450,Cody Martin,24,195.58,92.98636,48,5,3.3,2,-3.2,2019-20
3454,Cody Zeller,27,213.36,108.86208,58,11.1,7.1,1.5,-8.3,2019-20
4166,Jordan McRae,29,195.58,81.192968,37,11.5,3.4,2.5,-4.1,2019-20
3460,Collin Sexton,21,185.42,86.18248,65,20.8,3.1,3,-9.2,2019-20
3467,Cory Joseph,28,190.5,90.7184,72,6.4,2.6,3.5,-0.3,2019-20
3470,Courtney Lee,34,195.58,97.52228,24,4.5,1.3,0.5,6.7,2019-20
3473,Cristiano Felicio,27,208.28,122.46984,22,3.9,4.6,0.7,-7.7,2019-20
3477,D'Angelo Russell,24,193.04,87.543256,45,23.1,3.9,6.3,-8.1,2019-20
3480,D.J. Augustin,32,180.34,83.007336,57,10.5,2.1,4.6,1.5,2019-20
3483,D.J. Wilson,24,208.28,104.779752,37,3.6,2.5,0.7,-6.3,2019-20
3486,DaQuan Jeffries,22,195.58,104.32616,13,3.8,1.4,0.5,3,2019-20
3493,Damian Jones,25,210.82,111.13004,55,5.6,3.7,0.6,-12.6,2019-20
3496,Damian Lillard,29,187.96,88.45044,66,30,4.3,8,1.4,2019-20
3499,Damion Lee,27,195.58,95.25432,49,12.7,4.9,2.7,-4.1,2019-20
3503,Damyean Dotson,26,195.58,95.25432,48,6.7,1.9,1.2,-5.3,2019-20
3506,Daniel Gafford,21,208.28,106.140528,43,5.1,2.5,0.5,-1.9,2019-20
3512,Daniel Theis,28,203.2,111.13004,65,9.2,6.6,1.7,7,2019-20
3516,Danilo Gallinari,31,208.28,105.686936,62,18.7,5.2,1.9,5.7,2019-20
3463,Corey Brewer,34,205.74,85.275296,5,1,1.6,0.4,11.2,2019-20
4172,Jordan Poole,21,193.04,87.996848,57,8.8,2.1,2.4,-8.2,2019-20
3137,Aaron Gordon,24,203.2,106.59412,62,14.4,7.7,3.7,-1.2,2019-20
4185,Josh Hart,25,195.58,97.52228,65,10.1,6.5,1.7,-3.1,2019-20
4835,Rondae Hollis-Jefferson,25,198.12,98.429464,60,7,4.7,1.8,4.2,2019-20
4838,Royce O'Neale,27,193.04,102.511792,71,6.3,5.5,2.5,5.2,2019-20
4842,Rudy Gay,33,203.2,113.398,67,10.8,5.4,1.7,0.2,2019-20
4845,Rudy Gobert,28,215.9,117.026736,68,15.1,13.5,1.5,6.2,2019-20
4848,Rui Hachimura,22,203.2,104.32616,48,13.5,6.1,1.8,-8.2,2019-20
4851,Russell Westbrook,31,190.5,90.7184,57,27.2,7.9,7,3.1,2019-20
4855,Ryan Anderson,32,205.74,108.86208,2,2.5,3.5,1,21.2,2019-20
4858,Ryan Arcidiacono,26,190.5,88.45044,58,4.5,1.9,1.7,-4,2019-20
4861,Ryan Broekhoff,29,198.12,97.52228,17,4.2,2.5,0.6,2.1,2019-20
4877,Sekou Doumbouya,19,203.2,104.32616,38,6.4,3.1,0.5,-10.8,2019-20
4881,Semi Ojeleye,25,198.12,108.86208,69,3.4,2.1,0.5,-1.5,2019-20
4884,Serge Ibaka,30,213.36,106.59412,55,15.4,8.2,1.4,3.1,2019-20
4887,Seth Curry,29,187.96,83.91452,64,12.4,2.3,1.9,3.4,2019-20
4891,Shabazz Napier,28,182.88,79.3786,56,10.3,2.8,4.7,-3.6,2019-20
4894,Shai Gilgeous-Alexander,21,195.58,81.64656,70,19,5.9,3.3,3.5,2019-20
4897,Shake Milton,23,195.58,92.98636,40,9.4,2.2,2.6,0.1,2019-20
4900,Shamorie Ponds,22,182.88,79.3786,4,2.3,0.3,0.5,-5.5,2019-20
4904,Shaquille Harrison,26,200.66,86.18248,43,4.9,2,1.1,6.8,2019-20
4907,Sindarius Thornwell,25,193.04,97.52228,2,8,2,2,-7.4,2019-20
4910,Skal Labissiere,24,208.28,106.59412,33,5.8,5.1,1.3,1.3,2019-20
4917,Solomon Hill,29,198.12,102.511792,59,5.5,2.8,1.8,-2.1,2019-20
4920,Spencer Dinwiddie,27,195.58,97.52228,64,20.6,3.5,6.8,1.1,2019-20
4923,Stanley Johnson,24,198.12,109.769264,25,2.4,1.5,0.8,4.8,2019-20
4926,Stanton Kidd,28,198.12,97.975872,4,0,0.8,0.3,2.3,2019-20
4930,Stephen Curry,32,190.5,83.91452,5,20.8,5.2,6.6,-15.3,2019-20
4933,Sterling Brown,25,195.58,99.336648,52,5.1,3.5,1,2.4,2019-20
4936,Steven Adams,26,210.82,120.20188,63,10.9,9.3,2.3,4.4,2019-20
4940,Svi Mykhailiuk,23,200.66,92.98636,56,9,1.9,1.9,-0.6,2019-20
4943,T.J. Leaf,23,208.28,100.697424,28,3,2.5,0.3,0.2,2019-20
4832,Romeo Langford,20,193.04,97.975872,32,2.5,1.3,0.4,8.9,2019-20
4946,T.J. McConnell,28,185.42,86.18248,71,6.5,2.7,5,1.1,2019-20
4828,Rodney McGruder,28,193.04,92.98636,56,3.3,2.7,0.6,0.8,2019-20
4822,Rodions Kurucs,22,205.74,103.418976,47,4.6,2.9,1.1,-1.4,2019-20
4691,OG Anunoby,22,200.66,105.233344,69,10.6,5.3,1.6,6.2,2019-20
4698,Omari Spellman,22,203.2,111.13004,49,7.6,4.5,1,-8.5,2019-20
4704,Oshae Brissett,22,200.66,95.25432,19,1.9,1.4,0.4,11.6,2019-20
4708,Otto Porter Jr.,27,203.2,89.811216,14,11.9,3.4,1.8,3.2,2019-20
4711,P.J. Tucker,35,195.58,111.13004,72,6.9,6.6,1.6,3,2019-20
4714,P.J. Washington,21,200.66,104.32616,58,12.2,5.4,2.1,-6.3,2019-20
4717,PJ Dozier,23,198.12,92.98636,29,5.8,1.9,2.2,-5.7,2019-20
4721,Pascal Siakam,26,205.74,104.32616,60,22.9,7.3,3.5,8.8,2019-20
4724,Pat Connaughton,27,195.58,94.800728,67,5.4,4.2,1.6,3.5,2019-20
4727,Patrick Beverley,31,185.42,81.64656,51,7.9,5.2,3.6,10.2,2019-20
4731,Patrick McCaw,24,200.66,82.100152,37,4.6,2.3,2.1,0.6,2019-20
4734,Patrick Patterson,31,203.2,106.59412,59,4.9,2.6,0.7,2.5,2019-20
4740,Patty Mills,31,185.42,81.64656,66,11.6,1.6,1.8,4.1,2019-20
4744,Paul George,30,203.2,99.79024,48,21.5,5.7,3.9,8.7,2019-20
4747,Paul Millsap,35,200.66,116.573144,51,11.6,5.7,1.6,9.3,2019-20
4753,Paul Watson,25,198.12,95.25432,10,3.1,1.7,0.8,16.3,2019-20
4763,Quinn Cook,27,185.42,81.64656,44,5.1,1.2,1.1,4.5,2019-20
4766,Quinndary Weatherspoon,23,190.5,92.98636,11,1.1,0.6,1,-13.7,2019-20
4773,RJ Barrett,20,198.12,97.068688,56,14.3,5,2.6,-9.1,2019-20
4776,Rajon Rondo,34,185.42,81.64656,48,7.1,3,5,1.4,2019-20
4780,Raul Neto,28,185.42,81.64656,54,5.1,1.1,1.8,2.8,2019-20
4786,Rayjon Tucker,22,190.5,94.800728,20,3.1,1,0.3,-6.9,2019-20
4789,Reggie Bullock,29,198.12,92.98636,29,8.1,2.3,1.4,-5.8,2019-20
4793,Reggie Jackson,30,190.5,94.347136,31,11.9,3,4.1,6.7,2019-20
4799,Richaun Holmes,26,208.28,106.59412,44,12.3,8.1,1,1.2,2019-20
4802,Ricky Rubio,29,190.5,86.18248,65,13,4.7,8.8,4,2019-20
4806,Robert Covington,29,200.66,94.800728,70,12.4,6.6,1.3,0.9,2019-20
4812,Robert Williams III,22,203.2,107.501304,29,5.2,4.4,0.9,6.1,2019-20
4819,Robin Lopez,32,213.36,127.459352,66,5.4,2.4,0.7,0.6,2019-20
4825,Rodney Hood,27,203.2,94.347136,21,11,3.4,1.5,0.6,2019-20
4949,T.J. Warren,26,203.2,99.79024,67,19.8,4.2,1.5,2.7,2019-20
4953,Tacko Fall,24,226.06,141.067112,7,3.3,2.1,0.1,12.7,2019-20
4956,Taj Gibson,35,205.74,105.233344,62,6.1,4.3,0.8,-12.5,2019-20
5086,Tyler Johnson,28,190.5,84.368112,39,7,1.9,1.9,-5.7,2019-20
5090,Tyler Zeller,30,210.82,113.398,2,1,2,0,33.3,2019-20
5103,Tyrone Wallace,26,195.58,89.811216,14,2.9,1.6,0.9,-8.3,2019-20
5106,Tyson Chandler,37,213.36,106.59412,26,1.3,2.5,0.2,5.7,2019-20
5109,Tyus Jones,24,182.88,88.904032,65,7.4,1.6,4.4,-2.3,2019-20
5116,Udonis Haslem,40,203.2,106.59412,4,3,4,0.3,-20.2,2019-20
5122,Vic Law,24,200.66,91.171992,8,1.9,1.4,0.4,-9.7,2019-20
5126,Victor Oladipo,28,193.04,96.615096,19,14.5,3.9,2.9,-1.1,2019-20
5129,Vince Carter,43,198.12,99.79024,60,5,2.1,0.8,-8.1,2019-20
5132,Vincent Poirier,26,213.36,106.59412,22,1.9,2,0.4,-6.5,2019-20
5135,Vlatko Cancar,23,203.2,107.047712,14,1.2,0.7,0.2,-6,2019-20
5139,Wayne Ellington,32,193.04,93.893544,36,5.1,1.8,1.2,-3.1,2019-20
5142,Wendell Carter Jr.,21,205.74,122.46984,43,11.3,9.4,1.2,-0.5,2019-20
5145,Wenyen Gabriel,23,205.74,92.98636,30,2.1,1.7,0.3,-7.2,2019-20
5149,Wes Iwundu,25,198.12,88.45044,52,5.8,2.5,1.2,-0.5,2019-20
5152,Wesley Matthews,33,193.04,99.79024,67,7.4,2.5,1.4,12.2,2019-20
5155,Will Barton,29,195.58,82.100152,58,15.1,6.3,3.7,5.8,2019-20
5162,William Howard,26,203.2,93.893544,2,0,1,0.5,-51.3,2019-20
5165,Willie Cauley-Stein,26,213.36,108.86208,54,7.2,5.8,1.3,-5.5,2019-20
5168,Willy Hernangomez,26,210.82,113.398,31,6.1,4.3,0.9,-2.6,2019-20
5171,Wilson Chandler,33,203.2,106.59412,35,5.9,4.1,1.1,-6.4,2019-20
5178,Yogi Ferrell,27,182.88,80.739376,50,4.4,1,1.4,-1.8,2019-20
5181,Yuta Watanabe,25,203.2,97.52228,18,2,1.1,0.3,4,2019-20
5184,Zach Collins,22,210.82,113.398,11,7,6.3,1.5,6.5,2019-20
5188,Zach LaVine,25,198.12,90.7184,60,25.5,4.8,4.2,-4.4,2019-20
5191,Zach Norvell Jr.,22,195.58,92.98636,5,2,1.2,0.6,-32.3,2019-20
5198,Zhaire Smith,21,190.5,92.98636,7,1.1,0.3,0.3,-12.3,2019-20
5201,Zion Williamson,19,198.12,128.820128,24,22.5,6.3,2.1,5.1,2019-20
5204,Zylan Cheatham,24,195.58,99.79024,4,3,2.3,0.8,-23.9,2019-20
5083,Tyler Herro,20,195.58,88.45044,55,13.5,4.1,2.2,-1.7,2019-20
5080,Tyler Cook,22,203.2,115.66596,13,1.8,1.1,0.1,-9.8,2019-20
5070,Ty Jerome,22,195.58,88.45044,31,3.3,1.5,1.4,-13.5,2019-20
5067,Troy Daniels,28,193.04,90.7184,47,4.3,1.1,0.4,0.4,2019-20
4959,Talen Horton-Tucker,19,193.04,106.140528,6,5.7,1.2,1,-9.5,2019-20
4962,Tariq Owens,25,208.28,92.98636,3,1.3,1,0,-43.4,2019-20
4966,Taurean Prince,26,200.66,98.883056,64,12.1,6,1.8,1.3,2019-20
4969,Terance Mann,23,195.58,97.52228,41,2.4,1.3,1.3,0.1,2019-20
4972,Terence Davis,23,193.04,91.171992,72,7.5,3.3,1.6,7.9,2019-20
4975,Terrance Ferguson,22,198.12,86.18248,56,3.9,1.3,0.9,-4,2019-20
4979,Terrence Ross,29,198.12,93.439952,69,14.7,3.2,1.2,-2.5,2019-20
4982,Terry Rozier,26,185.42,86.18248,63,18,4.4,4.1,-9,2019-20
4985,Thabo Sefolosha,36,198.12,97.52228,41,2.2,2.3,0.6,3.9,2019-20
4989,Thaddeus Young,32,203.2,106.59412,64,10.3,4.9,1.8,-6.2,2019-20
4992,Thanasis Antetokounmpo,27,198.12,99.336648,20,2.8,1.2,0.8,-6.8,2019-20
4998,Theo Pinson,24,195.58,96.161504,33,3.6,1.6,1.7,-4.6,2019-20
5002,Thomas Bryant,22,208.28,112.490816,46,13.2,7.2,1.8,-6.6,2019-20
5005,Thon Maker,23,213.36,100.243832,60,4.7,2.8,0.7,-8,2019-20
4175,Josh Gray,26,182.88,81.64656,2,1,1,1,-14.9,2019-20
5008,Tim Frazier,29,182.88,77.11064,27,3.6,1.2,3.4,-6.9,2019-20
5015,Timothe Luwawu-Cabarrot,25,200.66,99.79024,47,7.8,2.7,0.6,-1.3,2019-20
5018,Tobias Harris,27,203.2,102.511792,72,19.6,6.9,3.2,3.1,2019-20
5021,Tomas Satoransky,28,200.66,95.25432,65,9.9,3.9,5.4,-1.5,2019-20
5024,Tony Bradley,22,208.28,112.490816,58,4.9,4.6,0.4,0.1,2019-20
5028,Tony Snell,28,198.12,96.615096,59,8,1.9,2.2,-5.5,2019-20
5031,Torrey Craig,29,200.66,100.243832,58,5.4,3.3,0.8,-5.7,2019-20
5034,Trae Young,21,185.42,81.64656,60,29.6,4.3,9.3,-4.9,2019-20
5041,Tremont Waters,22,177.8,79.3786,11,3.6,1.1,1.5,8.4,2019-20
5047,Treveon Graham,26,195.58,99.336648,55,4.4,2.7,0.8,-6.2,2019-20
5051,Trevor Ariza,35,203.2,97.52228,53,8,4.6,1.7,-0.3,2019-20
5054,Trey Burke,27,182.88,83.91452,33,7.4,1.5,2.5,2,2019-20
5057,Trey Lyles,24,205.74,106.140528,63,6.4,5.7,1.1,-2.4,2019-20
5060,Tristan Thompson,29,205.74,115.212368,57,12,10.1,2.1,-10.1,2019-20
5064,Troy Brown Jr.,20,198.12,97.52228,69,10.4,5.6,2.6,-5.5,2019-20
5011,Tim Hardaway Jr.,28,195.58,92.98636,71,15.8,3.3,1.9,5.9,2019-20
4685,Norman Powell,27,190.5,97.52228,52,16,3.7,1.8,4.6,2019-20
4688,Norvel Pelle,27,208.28,104.779752,24,2.4,3,0.3,-15.7,2019-20
4678,Nikola Vucevic,29,210.82,117.93392,62,19.6,10.9,3.6,0.9,2019-20
4309,Kevin Hervey,23,205.74,104.32616,10,1.7,1.2,0.5,-28.9,2019-20
4313,Kevin Huerter,21,200.66,86.18248,56,12.2,4.1,3.8,-6.1,2019-20
4316,Kevin Knox II,20,200.66,97.52228,65,6.4,2.8,0.9,-7.3,2019-20
4319,Kevin Love,31,203.2,113.851592,56,17.6,9.8,3.2,-8,2019-20
4322,Kevin Porter Jr.,20,193.04,92.079176,50,10,3.2,2.2,-11.2,2019-20
4326,Kevon Looney,24,205.74,100.697424,20,3.4,3.3,1,-18.3,2019-20
4329,Khem Birch,27,205.74,105.686936,48,4.4,4.6,1,-7.1,2019-20
4332,Khris Middleton,28,200.66,100.697424,62,20.9,6.2,4.3,12.4,2019-20
4335,Khyri Thomas,24,190.5,95.25432,8,2.1,0.1,0.4,-28.7,2019-20
4348,Kostas Antetokounmpo,22,208.28,90.7184,5,1.4,0.6,0.4,19.6,2019-20
4352,Kris Dunn,26,190.5,92.98636,51,7.3,3.6,3.4,-0.1,2019-20
4355,Kristaps Porzingis,24,220.98,108.86208,57,20.4,9.5,1.8,6.9,2019-20
4358,Ky Bowman,23,185.42,84.821704,45,7.4,2.7,2.9,-8.4,2019-20
4362,Kyle Alexander,23,208.28,97.975872,2,1,1.5,0,-6.7,2019-20
4365,Kyle Anderson,26,205.74,104.32616,67,5.8,4.3,2.4,-3,2019-20
4368,Kyle Guy,22,185.42,75.749864,3,1.3,0.3,0.3,-45.8,2019-20
4371,Kyle Korver,39,200.66,96.161504,58,6.7,2.1,1.2,5.4,2019-20
4375,Kyle Kuzma,24,203.2,100.243832,61,12.8,4.5,1.3,4.9,2019-20
4378,Kyle Lowry,34,182.88,88.904032,58,19.4,5,7.5,6,2019-20
4381,Kyle O'Quinn,30,205.74,113.398,29,3.5,4,1.8,-4.9,2019-20
4384,Kyrie Irving,28,187.96,88.45044,20,27.4,5.2,6.4,-0.4,2019-20
4388,LaMarcus Aldridge,34,210.82,113.398,53,18.9,7.4,2.4,-3.2,2019-20
4397,Lance Thomas,32,203.2,102.0582,7,3.4,1.9,0.9,-24.2,2019-20
4401,Landry Shamet,23,193.04,86.18248,53,9.3,1.9,1.9,4.3,2019-20
4404,Langston Galloway,28,185.42,90.7184,66,10.3,2.3,1.5,-4.4,2019-20
4407,Larry Nance Jr.,27,200.66,111.13004,56,10.1,7.3,2.2,-5.1,2019-20
4410,Lauri Markkanen,23,213.36,108.86208,50,14.7,6.3,1.5,-2,2019-20
4414,LeBron James,35,205.74,113.398,67,25.3,7.8,10.2,8.5,2019-20
4682,Noah Vonleh,24,208.28,116.573144,36,3.7,3.4,0.8,-5,2019-20
4299,Kentavious Caldwell-Pope,27,195.58,92.532768,69,9.3,2.1,1.6,3.5,2019-20
4420,Lonzo Ball,22,198.12,86.18248,63,11.8,6.1,7,-0.7,2019-20
4296,Kent Bazemore,30,193.04,88.45044,68,8.8,4.3,1.4,0.8,2019-20
4290,Kendrick Nunn,24,187.96,86.18248,67,15.3,2.7,3.3,1.2,2019-20
4188,Josh Jackson,23,203.2,93.893544,22,9,3,1.6,2.5,2019-20
4192,Josh Magette,30,185.42,72.57472,8,1.5,0.8,0.6,2.4,2019-20
4195,Josh Okogie,21,193.04,96.615096,62,8.6,4.3,1.6,-4.7,2019-20
4198,Josh Reaves,23,193.04,97.068688,4,2,0.8,0.8,15.5,2019-20
4202,Josh Richardson,26,195.58,90.7184,55,13.7,3.2,2.9,3.3,2019-20
4205,Jrue Holiday,30,190.5,92.98636,61,19.1,4.8,6.7,0.5,2019-20
4208,Juan Toscano-Anderson,27,198.12,94.800728,13,5.3,4,2,-12,2019-20
4211,Juancho Hernangomez,24,205.74,97.068688,48,6,4.1,0.8,-2.3,2019-20
4215,Julius Randle,25,203.2,113.398,64,19.5,9.7,3.1,-5.9,2019-20
4218,Justin Anderson,26,195.58,104.779752,10,2.8,2.1,0.8,-0.1,2019-20
4221,Justin Holiday,31,198.12,81.64656,73,8.3,3.3,1.3,1.3,2019-20
4224,Justin Jackson,25,200.66,99.79024,65,5.5,2.4,0.8,0.5,2019-20
4228,Justin James,23,200.66,86.18248,36,2.5,0.9,0.5,-2.4,2019-20
4231,Justin Patton,23,210.82,109.315672,5,1.8,1,0.4,-32,2019-20
4234,Justin Robinson,22,185.42,88.45044,9,1.4,0.6,0.8,29.9,2019-20
4237,Justin Wright-Foreman,22,182.88,86.18248,4,4.8,1.3,1.8,-32.5,2019-20
4241,Justise Winslow,24,198.12,100.697424,11,11.3,6.6,4,6.4,2019-20
4244,Jusuf Nurkic,25,213.36,131.54168,8,17.6,10.3,4,-0.5,2019-20
4247,Juwan Morgan,23,200.66,105.233344,21,1.7,1.4,0.3,12,2019-20
4250,KZ Okpala,21,203.2,97.52228,5,1.4,1,0.2,-31.7,2019-20
4254,Kadeem Allen,27,185.42,90.7184,10,5,0.9,2.1,-10.1,2019-20
4260,Karl-Anthony Towns,24,210.82,112.490816,35,26.5,10.8,4.4,-1.5,2019-20
4264,Kawhi Leonard,29,200.66,102.0582,57,27.1,7.1,4.9,12.2,2019-20
4267,Keita Bates-Diop,24,203.2,103.872568,44,6.5,2.9,0.7,-10.6,2019-20
4270,Kelan Martin,24,195.58,104.32616,31,6.4,3.1,0.7,-1.7,2019-20
4273,Keldon Johnson,20,195.58,99.79024,17,9.1,3.4,0.9,11.3,2019-20
4280,Kelly Olynyk,29,210.82,108.86208,67,8.2,4.6,1.7,1.5,2019-20
4283,Kelly Oubre Jr.,24,200.66,92.079176,56,18.7,6.4,1.5,0.2,2019-20
4286,Kemba Walker,30,182.88,83.460928,56,20.4,3.9,4.8,7.1,2019-20
4293,Kenrich Williams,25,198.12,95.25432,39,3.5,4.8,1.5,-1,2019-20
4424,Lou Williams,33,185.42,79.3786,65,18.2,3.1,5.6,4,2019-20
4417,Lonnie Walker IV,21,195.58,92.532768,61,6.4,2.3,1.1,-0.4,2019-20
4430,Luc Mbah a Moute,33,203.2,104.32616,3,1.7,0.7,0,-11.3,2019-20
4427,Louis King,21,200.66,92.98636,10,2,1,0.5,11,2019-20
4564,Michael Frazier II,26,190.5,90.7184,13,2.1,0.8,0.2,-16,2019-20
4567,Michael Kidd-Gilchrist,26,198.12,105.233344,25,2.4,2.7,0.6,4.2,2019-20
4571,Michael Porter Jr.,22,208.28,98.883056,55,9.3,4.7,0.8,0.7,2019-20
4574,Mikal Bridges,23,198.12,94.800728,73,9.1,4,1.8,2.9,2019-20
4577,Mike Conley,32,185.42,79.3786,47,14.4,3.2,4.4,2.1,2019-20
4584,Mike Muscala,28,208.28,108.86208,47,4.8,2.3,0.9,-2.3,2019-20
4587,Mike Scott,31,200.66,107.501304,68,6,3.6,0.8,5.7,2019-20
4590,Miles Bridges,22,198.12,102.0582,65,13,5.6,1.8,-9.7,2019-20
4593,Mitchell Robinson,22,213.36,108.86208,61,9.7,7,0.6,-2.9,2019-20
4597,Miye Oni,22,195.58,93.439952,10,3.5,1.7,0.4,-8.6,2019-20
4600,Mo Bamba,22,213.36,104.779752,62,5.4,4.9,0.7,0.5,2019-20
4603,Monte Morris,25,187.96,83.007336,73,9,1.9,3.5,0.8,2019-20
4606,Montrezl Harrell,26,200.66,108.86208,63,18.6,7.1,1.7,6.5,2019-20
4610,Moritz Wagner,23,210.82,111.13004,45,8.7,4.9,1.2,-4.2,2019-20
4613,Moses Brown,20,218.44,111.13004,9,1.2,1.6,0.1,-50.9,2019-20
4616,Mychal Mulder,26,190.5,83.460928,7,11,3.3,1.1,6.2,2019-20
4619,Myles Turner,24,210.82,113.398,62,12.1,6.6,1.2,0.4,2019-20
4626,Nassir Little,20,195.58,99.79024,48,3.6,2.3,0.5,-3.2,2019-20
4639,Naz Mitrou-Long,26,190.5,98.883056,5,2.8,1.4,1.6,20.2,2019-20
4642,Naz Reid,20,205.74,119.748288,30,9,4.1,1.2,0.7,2019-20
4646,Nemanja Bjelica,32,208.28,106.140528,72,11.5,6.4,2.8,-1,2019-20
4649,Nerlens Noel,26,208.28,99.79024,61,7.4,4.9,0.9,1.3,2019-20
4655,Nickeil Alexander-Walker,21,195.58,92.98636,47,5.7,1.8,1.9,-3.6,2019-20
4662,Nicolas Batum,31,205.74,104.32616,22,3.6,4.5,3,-3.3,2019-20
4665,Nicolas Claxton,21,210.82,97.52228,15,4.4,2.9,1.1,-15.6,2019-20
4668,Nicolo Melli,29,205.74,107.047712,60,6.6,3,1.4,-4.3,2019-20
4672,Nigel Williams-Goss,25,187.96,86.18248,10,1.4,0.6,0.6,4.5,2019-20
4675,Nikola Jokic,25,213.36,128.820128,73,19.9,9.7,7,4.5,2019-20
4557,Mfiondu Kabengele,22,205.74,113.398,12,3.5,0.9,0.2,0.8,2019-20
4554,Meyers Leonard,28,213.36,117.93392,51,6.1,5.1,1.1,4.5,2019-20
4561,Michael Carter-Williams,28,195.58,86.18248,45,7.2,3.3,2.4,1.4,2019-20
4548,Maxi Kleber,28,208.28,108.86208,74,9.1,5.2,1.2,3.4,2019-20
4433,Luguentz Dort,21,190.5,97.52228,36,6.8,2.3,0.8,4.4,2019-20
4437,Luka Doncic,21,200.66,104.32616,61,28.8,9.4,8.8,5.3,2019-20
4440,Luka Samanic,20,208.28,102.965384,3,5.3,3.3,2,8.8,2019-20
4443,Luke Kennard,24,195.58,93.439952,28,15.8,3.5,4.1,-2.1,2019-20
4446,Luke Kornet,24,218.44,113.398,36,6,2.3,0.9,-3.6,2019-20
4453,Malcolm Brogdon,27,195.58,103.872568,54,16.5,4.9,7.1,2.3,2019-20
4456,Malcolm Miller,27,200.66,95.25432,28,1.3,0.6,0.4,15.9,2019-20
4459,Malik Beasley,23,193.04,84.821704,55,11.2,2.7,1.4,-1.9,2019-20
4466,Malik Monk,22,190.5,90.7184,55,10.3,2.9,2.1,-10.5,2019-20
4469,Malik Newman,23,190.5,86.18248,1,2,0,0,-30.4,2019-20
4476,Marc Gasol,35,210.82,115.66596,44,7.5,6.3,3.3,10.1,2019-20
4479,Marco Belinelli,34,195.58,99.79024,57,6.3,1.7,1.2,1.5,2019-20
4551,Melvin Frazier Jr.,23,195.58,97.52228,19,2.1,0.5,0.2,-15,2019-20
4486,Marcus Smart,26,190.5,99.79024,60,12.9,3.8,4.9,7.3,2019-20
4489,Marial Shayok,24,195.58,89.811216,4,2.8,1.8,0.3,-23.2,2019-20
4482,Marcus Morris Sr.,30,203.2,98.883056,62,16.7,5,1.4,1.5,2019-20
4495,Markelle Fultz,22,190.5,94.800728,72,12.1,3.3,5.1,-1.7,2019-20
4544,Max Strus,24,195.58,97.52228,2,2.5,0.5,0,105.8,2019-20
4541,Maurice Harkless,27,200.66,99.79024,62,5.8,3.9,1.1,1.2,2019-20
4538,Matthew Dellavedova,29,190.5,90.7184,57,3.1,1.3,3.2,-1.2,2019-20
4492,Mario Hezonja,25,203.2,99.79024,53,4.8,3.5,0.9,-9.5,2019-20
4531,Matt Mooney,23,187.96,90.264808,4,0.5,0.8,0.3,17.5,2019-20
4528,Matisse Thybulle,23,195.58,91.171992,65,4.7,1.6,1.2,2.4,2019-20
4535,Matt Thomas,25,193.04,86.18248,41,4.9,1.5,0.5,4.2,2019-20
4518,Marvin Williams,34,203.2,107.501304,58,5.9,3.2,1,-2.8,2019-20
4515,Marvin Bagley III,21,210.82,106.59412,13,14.2,7.5,0.8,-12.6,2019-20
4512,Marquese Chriss,22,205.74,108.86208,59,9.3,6.2,1.9,-9.5,2019-20
4508,Marques Bolden,22,208.28,112.944408,1,0,2,0,57.1,2019-20
4502,Marko Guduric,25,198.12,91.171992,44,3.9,1.7,1,-2.6,2019-20
4499,Markieff Morris,30,203.2,111.13004,58,9.7,3.8,1.3,-5.8,2019-20
4525,Mason Plumlee,30,210.82,115.212368,61,7.2,5.2,2.5,-1,2019-20
4162,Jordan McLaughlin,24,180.34,83.91452,30,7.6,1.6,4.2,-5.8,2019-20
5178,Yogi Ferrell,28,182.88,80.739376,10,5.6,1.9,2.2,-0.4,2020-21
5201,Zion Williamson,20,200.66,128.820128,61,27,7.2,3.7,2.1,2020-21
5194,Zeke Nnaji,20,205.74,108.86208,42,3.2,1.5,0.2,-10.5,2020-21
5188,Zach LaVine,26,195.58,90.7184,58,27.4,5,4.9,-0.8,2020-21
5181,Yuta Watanabe,26,205.74,97.52228,50,4.4,3.2,0.8,-2.7,2020-21
5175,Xavier Tillman,22,203.2,111.13004,59,6.6,4.3,1.3,2.9,2020-21
5165,Willie Cauley-Stein,27,213.36,108.86208,53,5.3,4.5,0.7,9.4,2020-21
3780,Frank Kaminsky,28,213.36,108.86208,47,6.6,4,1.7,4.6,2020-21
3784,Frank Mason,27,180.34,86.18248,4,6.3,3,3,-11.1,2020-21
3787,Frank Ntilikina,22,193.04,90.7184,33,2.7,0.9,0.6,-3.6,2020-21
3790,Fred VanVleet,27,185.42,89.357624,52,19.6,4.2,6.3,3.3,2020-21
3793,Freddie Gillespie,24,205.74,111.13004,20,5.6,4.9,0.5,-9.6,2020-21
3797,Furkan Korkmaz,23,200.66,91.625584,55,9.1,2.1,1.5,6,2020-21
3800,Gabe Vincent,25,190.5,90.7184,50,4.8,1.1,1.3,-5.9,2020-21
3803,Gabriel Deck,26,198.12,104.779752,10,8.4,4,2.4,-12.7,2020-21
3806,Garrett Temple,35,195.58,88.45044,56,7.6,2.9,2.2,1.5,2020-21
3810,Garrison Mathews,24,195.58,97.52228,64,5.5,1.4,0.4,-5.6,2020-21
3813,Gary Clark,26,198.12,102.0582,39,3.1,2.9,0.8,-7.7,2020-21
3816,Gary Harris,26,193.04,95.25432,39,9.9,2,2,-4.2,2020-21
3819,Gary Payton II,28,190.5,88.45044,10,2.5,1.1,0.1,2.2,2020-21
3823,Gary Trent Jr.,22,195.58,94.800728,58,15.3,2.6,1.4,-1.8,2020-21
3826,George Hill,35,193.04,85.275296,30,8.7,2,2.4,-0.4,2020-21
3829,Georges Niang,28,200.66,104.32616,72,6.9,2.4,0.8,14.6,2020-21
3832,Giannis Antetokounmpo,26,210.82,109.769264,61,28.1,11,5.9,9.8,2020-21
3836,Glenn Robinson III,27,198.12,100.697424,23,5.3,2,0.9,-17.3,2020-21
3839,Goga Bitadze,21,210.82,113.398,45,5.1,3.3,0.8,-0.8,2020-21
3842,Goran Dragic,35,190.5,86.18248,50,13.4,3.4,4.4,1.5,2020-21
3846,Gordon Hayward,31,200.66,102.0582,44,19.6,5.9,4.1,0.7,2020-21
3849,Gorgui Dieng,31,208.28,114.305184,38,6.8,3.7,1.3,-6.7,2020-21
3852,Grant Riller,24,187.96,86.18248,7,2.6,0.1,0.4,-5.4,2020-21
3855,Grant Williams,22,198.12,107.047712,63,4.7,2.8,1,-1.9,2020-21
3859,Grayson Allen,25,193.04,89.811216,50,10.6,3.2,2.2,0.5,2020-21
3862,Greg Whittington,28,203.2,95.25432,4,0,0,0,33.3,2020-21
3865,Hamidou Diallo,22,195.58,91.625584,52,11.6,5.2,1.9,-8.6,2020-21
3868,Harrison Barnes,29,203.2,102.0582,58,16.1,6.6,3.5,-1.8,2020-21
3872,Harry Giles III,23,210.82,108.86208,38,2.8,3.5,0.8,-10.4,2020-21
3777,Frank Jackson,23,190.5,92.98636,40,9.8,2.2,0.9,-1,2020-21
3875,Hassan Whiteside,32,213.36,120.20188,36,8.1,6,0.6,-8.1,2020-21
3774,Facundo Campazzo,30,177.8,88.45044,65,6.1,2.1,3.6,2.8,2020-21
3764,Ersan Ilyasova,34,205.74,106.59412,17,3.8,1.7,0.2,6.7,2020-21
3640,Devon Dotson,21,187.96,83.91452,11,2.1,0.5,0.6,21.7,2020-21
3646,Devontae Cacok,24,200.66,108.86208,20,2,1.6,0.1,18.1,2020-21
3650,Devonte' Graham,26,185.42,88.45044,55,14.8,2.7,5.4,2.1,2020-21
3656,Dewayne Dedmon,31,213.36,111.13004,16,7.1,5.4,0.8,17.1,2020-21
3659,Didi Louzada,21,195.58,85.275296,3,2.7,1,1,-7.3,2020-21
3663,Dillon Brooks,25,200.66,102.0582,67,17.2,2.9,2.3,4.5,2020-21
3669,Domantas Sabonis,25,210.82,108.86208,62,20.3,12,6.7,-1.9,2020-21
3672,Donovan Mitchell,24,185.42,97.52228,53,26.4,4.4,5.2,7.9,2020-21
3676,Donta Hall,23,208.28,104.32616,13,5.6,4.8,0.8,-6.5,2020-21
3679,Donte DiVincenzo,24,193.04,92.079176,66,10.4,5.8,3.1,8.1,2020-21
3682,Dorian Finney-Smith,28,200.66,99.79024,60,9.8,5.4,1.7,5.1,2020-21
3686,Doug McDermott,29,200.66,102.0582,66,13.6,3.3,1.3,-1.8,2020-21
3692,Draymond Green,31,198.12,104.32616,63,7,7.1,8.9,5.4,2020-21
3695,Drew Eubanks,24,205.74,111.13004,54,5.8,4.5,0.8,-4.6,2020-21
3699,Duncan Robinson,27,200.66,97.52228,72,13.1,3.5,1.8,2.3,2020-21
3705,Dwayne Bacon,25,198.12,100.243832,72,10.9,3.1,1.3,-11.4,2020-21
3708,Dwight Howard,35,208.28,120.20188,69,7,8.4,0.9,-2.4,2020-21
3712,Dwight Powell,29,208.28,108.86208,58,5.9,4,1.1,4,2020-21
3715,Dylan Windler,24,198.12,88.904032,31,5.2,3.5,1.1,-6.5,2020-21
3721,E'Twaun Moore,32,190.5,86.636072,27,4.9,1.7,1.5,0.5,2020-21
3725,Ed Davis,32,205.74,98.883056,23,2.1,5,0.9,-7.6,2020-21
3728,Edmond Sumner,25,193.04,88.904032,53,7.5,1.8,0.9,-0.4,2020-21
3731,Elfrid Payton,27,190.5,88.45044,63,10.1,3.4,3.2,-3,2020-21
3738,Elijah Bryant,26,195.58,95.25432,1,16,6,3,14,2020-21
3741,Elijah Hughes,23,195.58,97.52228,18,1.7,0.5,0.3,-28.8,2020-21
3748,Enes Kanter,29,208.28,113.398,72,11.2,11,1.2,4.9,2020-21
3751,Eric Bledsoe,31,185.42,97.068688,71,12.2,3.4,3.8,-1.8,2020-21
3754,Eric Gordon,32,190.5,97.52228,27,17.8,2.1,2.6,-3.3,2020-21
3761,Eric Paschall,24,198.12,115.66596,40,9.5,3.2,1.3,-6.8,2020-21
3767,Evan Fournier,28,200.66,92.98636,42,17.1,3,3.4,-1.4,2020-21
3878,Henry Ellenson,24,208.28,108.86208,2,7.5,6,2.5,10.6,2020-21
3885,Ignas Brazdeikis,22,198.12,100.243832,13,7,3.5,1.3,-4.3,2020-21
3888,Iman Shumpert,31,195.58,96.161504,2,1,0.5,0,-4.3,2020-21
4019,Jared Dudley,35,198.12,107.501304,12,0.5,1.8,0.4,-1.7,2020-21
4022,Jared Harper,23,177.8,79.3786,8,0.4,0.3,0.1,-16.4,2020-21
4025,Jaren Jackson Jr.,21,210.82,109.769264,11,14.4,5.6,1.1,-10.5,2020-21
4028,Jarred Vanderbilt,22,205.74,97.068688,64,5.4,5.8,1.2,-1.1,2020-21
4032,Jarrell Brantley,25,195.58,113.398,28,2.3,1,0.5,-9.1,2020-21
4035,Jarrett Allen,23,210.82,110.222856,63,12.8,10,1.7,-5.6,2020-21
4038,Jarrett Culver,22,198.12,88.45044,34,5.3,3.1,0.7,-10.7,2020-21
4045,Javonte Green,27,193.04,92.98636,41,3.6,1.7,0.4,1.8,2020-21
4048,Jaxson Hayes,21,210.82,99.79024,60,7.5,4.3,0.6,-0.9,2020-21
4051,Jay Scrubb,20,195.58,99.79024,4,8.8,3.5,0.3,-2.8,2020-21
4055,Jaylen Adams,25,182.88,102.0582,7,0.3,0.4,0.3,-31,2020-21
4058,Jaylen Brown,24,198.12,101.151016,58,24.7,6,3.4,1.8,2020-21
4061,Jaylen Hoard,22,203.2,97.975872,19,6.1,3.4,1.3,-9.1,2020-21
4064,Jaylen Nowell,21,193.04,91.171992,42,9,2.3,1.5,-6.6,2020-21
4068,Jayson Tatum,23,203.2,95.25432,64,26.4,7.4,4.3,3,2020-21
4071,Jeff Green,34,203.2,106.59412,68,11,3.9,1.6,3.3,2020-21
4074,Jeff Teague,33,190.5,88.45044,55,6.7,1.6,2.4,2.8,2020-21
4077,Jerami Grant,27,203.2,95.25432,54,22.3,4.6,2.8,-3.2,2020-21
4081,Jeremiah Martin,25,187.96,83.91452,9,2.4,0.8,0.4,-16.7,2020-21
4084,Jeremy Lamb,29,195.58,81.64656,36,10.1,3.6,1.5,-0.3,2020-21
4094,Jerome Robinson,24,193.04,86.18248,17,4.9,2.2,1.5,-13.1,2020-21
4097,Jevon Carter,25,185.42,90.7184,60,4.1,1.5,1.2,3.3,2020-21
4100,Jimmy Butler,31,200.66,104.32616,52,21.5,6.9,7.1,5.2,2020-21
4110,Joe Harris,29,198.12,99.79024,69,14.1,3.6,1.9,6.9,2020-21
4113,Joe Ingles,33,203.2,99.79024,67,12.1,3.6,4.7,11.8,2020-21
4117,Joel Embiid,27,213.36,127.00576,51,28.5,10.6,2.8,12,2020-21
4120,John Collins,23,205.74,106.59412,63,17.6,7.4,1.2,4.3,2020-21
4126,John Konchar,25,195.58,95.25432,43,4.3,3,1.1,2.1,2020-21
4130,John Wall,30,190.5,95.25432,40,20.6,3.2,6.9,-5.7,2020-21
4015,James Wiseman,20,213.36,108.86208,39,11.5,5.8,0.7,-8.8,2020-21
4012,James Nunnally,30,200.66,92.98636,9,1.7,1,0.3,-4.8,2020-21
4009,James Johnson,34,200.66,108.86208,51,7.2,3.5,1.9,-5,2020-21
4006,James Harden,31,195.58,99.79024,44,24.6,7.9,10.8,2.9,2020-21
3891,Immanuel Quickley,22,190.5,86.18248,64,11.4,2.1,2,7.1,2020-21
3895,Isaac Bonga,21,203.2,81.64656,40,2,1.7,0.6,-3.3,2020-21
3898,Isaac Okoro,20,195.58,102.0582,67,9.6,3.1,1.9,-8.7,2020-21
3901,Isaiah Hartenstein,23,213.36,113.398,46,5.1,3.9,1.2,2.1,2020-21
3904,Isaiah Joe,21,193.04,74.84268,41,3.7,0.9,0.5,1.8,2020-21
3908,Isaiah Roby,23,203.2,104.32616,61,8.7,5.6,1.8,-14.1,2020-21
3911,Isaiah Stewart,20,203.2,113.398,68,7.9,6.7,0.9,-2,2020-21
3914,Isaiah Thomas,32,175.26,83.91452,3,7.7,1.3,1.7,6.7,2020-21
3917,Ish Smith,32,182.88,79.3786,44,6.7,3.4,3.9,2.3,2020-21
3921,Ivica Zubac,24,213.36,108.86208,72,9,7.2,1.3,5,2020-21
3930,JJ Redick,37,190.5,90.7184,44,7.4,1.5,1.2,-1.3,2020-21
3937,Ja Morant,21,190.5,78.925008,63,19.1,4,7.4,2.6,2020-21
3940,JaKarr Sampson,28,200.66,97.068688,29,4.6,2.7,0.1,1.1,2020-21
3944,JaMychal Green,31,203.2,102.965384,58,8.1,4.8,0.9,4.1,2020-21
3637,Devin Vassell,20,195.58,90.7184,62,5.5,2.8,0.9,-2.4,2020-21
3947,JaVale McGee,33,213.36,122.46984,46,7.3,5.2,0.8,-6.1,2020-21
3957,Jaden McDaniels,20,205.74,83.91452,63,6.8,3.7,1.1,-3.4,2020-21
3960,Jae Crowder,30,198.12,106.59412,60,10.1,4.7,2.1,6.3,2020-21
3963,Jae'Sean Tate,25,193.04,104.32616,70,11.3,5.3,2.5,-3.8,2020-21
3966,Jahlil Okafor,25,208.28,122.46984,27,5.4,2.4,0.5,-10.2,2020-21
3970,Jahmi'us Ramsey,20,190.5,86.18248,13,3.1,0.8,0.5,2.4,2020-21
3973,Jake Layman,27,203.2,94.800728,45,5.1,1.5,0.6,-5.8,2020-21
3976,Jakob Poeltl,25,215.9,111.13004,69,8.6,7.9,1.9,3.2,2020-21
3979,Jalen Brunson,24,185.42,86.18248,68,12.6,3.4,3.5,4.9,2020-21
3983,Jalen Harris,22,195.58,88.45044,13,7.4,1.4,1.3,0.3,2020-21
3986,Jalen Lecque,21,193.04,83.91452,4,1.3,1.3,0.5,-14.8,2020-21
3989,Jalen McDaniels,23,205.74,92.98636,47,7.4,3.6,1.1,-9.4,2020-21
3993,Jalen Smith,21,208.28,97.52228,27,2,1.4,0.1,-4.4,2020-21
3999,Jamal Murray,24,190.5,97.52228,48,21.2,4,4.8,8,2020-21
4002,James Ennis III,30,198.12,97.52228,41,8.4,4,1.5,-3.8,2020-21
3950,Jabari Parker,26,203.2,111.13004,13,5.5,3.2,0.8,-5.5,2020-21
3633,Devin Cannady,25,187.96,83.007336,8,4.3,0.6,0.1,-13.7,2020-21
3630,Devin Booker,24,195.58,93.439952,67,25.6,4.2,4.3,7.2,2020-21
3627,Desmond Bane,23,195.58,97.52228,68,9.2,3.1,1.7,0.4,2020-21
3274,Ben McLemore,28,190.5,88.45044,53,7.7,1.9,0.7,-4.2,2020-21
3277,Ben Simmons,24,210.82,108.86208,58,14.3,7.2,6.9,8,2020-21
3281,Bismack Biyombo,28,203.2,115.66596,66,5,5.3,1.2,-8.9,2020-21
3284,Blake Griffin,32,205.74,113.398,46,11,4.9,3,2.1,2020-21
3287,Boban Marjanovic,32,223.52,131.54168,33,4.7,3.9,0.3,5.9,2020-21
3290,Bobby Portis,26,208.28,113.398,66,11.4,7.1,1.1,5.1,2020-21
3294,Bogdan Bogdanovic,28,198.12,99.79024,44,16.4,3.6,3.3,3.9,2020-21
3297,Bojan Bogdanovic,32,200.66,102.511792,72,17,3.9,1.9,9.5,2020-21
3300,Bol Bol,21,218.44,99.79024,32,2.2,0.8,0.2,-24.9,2020-21
3303,Brad Wanamaker,31,190.5,95.25432,61,5.5,1.7,2.9,-5.7,2020-21
3307,Bradley Beal,28,190.5,93.893544,60,31.3,4.7,4.4,-0.4,2020-21
3310,Brandon Clarke,24,203.2,97.52228,59,10.3,5.6,1.6,0.2,2020-21
3313,Brandon Goodwin,25,182.88,81.64656,47,4.9,1.5,2,-4.4,2020-21
3317,Brandon Ingram,23,203.2,86.18248,61,23.8,4.9,4.9,1,2020-21
3323,Brian Bowen II,22,198.12,86.18248,6,0.5,0.5,0,9.4,2020-21
3326,Brodric Thomas,24,195.58,83.91452,32,3.9,1.7,0.9,-4.5,2020-21
3330,Brook Lopez,33,213.36,127.912944,70,12.3,5,0.7,6.8,2020-21
3333,Bruce Brown,24,193.04,91.625584,65,8.8,5.4,1.6,3.5,2020-21
3336,Bruno Caboclo,25,205.74,98.883056,6,2.8,2.3,0.2,2.3,2020-21
3339,Bruno Fernando,22,205.74,108.86208,33,1.5,2.4,0.3,-6,2020-21
3343,Bryn Forbes,27,187.96,92.98636,70,10,1.6,0.6,2.7,2020-21
3346,Buddy Hield,28,193.04,99.79024,71,16.6,4.7,3.6,-1.8,2020-21
3349,CJ Elleby,21,198.12,90.7184,30,2.3,1.1,0.3,-5.3,2020-21
3352,CJ McCollum,29,190.5,86.18248,47,23.1,3.9,4.7,6.2,2020-21
3359,Caleb Martin,25,195.58,92.98636,53,5,2.7,1.3,-4.9,2020-21
3366,Cam Reddish,21,203.2,98.883056,26,11.2,4,1.3,-4,2020-21
3369,Cameron Johnson,25,203.2,95.25432,60,9.6,3.3,1.4,5.7,2020-21
3372,Cameron Oliver,24,203.2,102.0582,4,10.8,5.3,1.3,-5.2,2020-21
3375,Cameron Payne,26,185.42,83.007336,60,8.4,2.4,3.6,7.8,2020-21
3271,Bam Adebayo,23,205.74,115.66596,64,18.7,9,5.4,0.6,2020-21
3264,Axel Toupane,28,200.66,95.25432,8,1.8,0.8,0.5,-2.2,2020-21
3261,Avery Bradley,30,190.5,81.64656,27,6.4,2.1,1.7,-10.2,2020-21
3258,Austin Rivers,28,193.04,90.7184,36,7.9,2.3,2.3,0,2020-21
3140,Aaron Holiday,24,182.88,83.91452,66,7.2,1.3,1.9,-0.2,2020-21
3143,Aaron Nesmith,21,195.58,97.52228,46,4.7,2.8,0.5,-0.5,2020-21
3147,Abdel Nader,27,195.58,102.0582,24,6.7,2.6,0.8,5,2020-21
3150,Adam Mokoka,22,193.04,86.18248,14,1.1,0.4,0.4,-7.1,2020-21
3157,Al Horford,35,205.74,108.86208,28,14.2,6.7,3.4,-6.9,2020-21
3160,Al-Farouq Aminu,30,203.2,99.79024,23,4.4,4.8,1.3,-6.2,2020-21
3163,Alec Burks,29,198.12,97.068688,49,12.7,4.6,2.2,5,2020-21
3166,Aleksej Pokusevski,19,213.36,86.18248,45,8.2,4.7,2.2,-16.7,2020-21
3170,Alen Smailagic,20,208.28,97.52228,15,1.9,1.1,0.3,-17.6,2020-21
3173,Alex Caruso,27,193.04,84.368112,58,6.4,2.9,2.8,5.5,2020-21
3176,Alex Len,28,213.36,113.398,64,6.6,4.1,0.8,-4,2020-21
3179,Alfonzo McKinnie,28,200.66,97.52228,39,3.1,1.4,0.2,0.7,2020-21
3183,Alize Johnson,25,200.66,96.161504,18,5.2,5,0.8,-4.5,2020-21
3192,Amida Brimah,27,208.28,104.32616,5,2.6,1.6,0.2,32.8,2020-21
3379,Cameron Reynolds,26,200.66,102.0582,5,3,1,0.4,-28.3,2020-21
3199,Amir Coffey,24,200.66,95.25432,44,3.2,1,0.5,-1.2,2020-21
3206,Andre Drummond,27,208.28,126.552168,46,14.9,12,2,-3.9,2020-21
3209,Andre Iguodala,37,198.12,97.52228,63,4.4,3.5,2.3,-2.5,2020-21
3212,Andre Roberson,29,200.66,95.25432,5,1.2,3,0.8,-18.4,2020-21
3215,Andrew Wiggins,26,200.66,89.357624,71,18.6,4.9,2.4,-0.2,2020-21
3219,Anfernee Simons,22,190.5,82.100152,64,7.8,2.2,1.4,0.8,2020-21
3225,Anthony Davis,28,208.28,114.758776,36,21.8,7.9,3.1,5.2,2020-21
3228,Anthony Edwards,19,193.04,102.0582,72,19.3,4.7,2.9,-5,2020-21
3232,Anthony Gill,28,200.66,104.32616,26,3.1,2,0.4,-1.6,2020-21
3235,Anthony Lamb,23,198.12,102.965384,24,5.5,2.9,1,-9.2,2020-21
3238,Anthony Tolliver,36,203.2,108.86208,11,1.5,0.9,0.2,16.6,2020-21
3245,Anzejs Pasecniks,25,215.9,103.872568,1,0,1,1,-104.4,2020-21
3248,Armoni Brooks,23,190.5,88.45044,20,11.2,3.4,1.5,-11.7,2020-21
3251,Aron Baynes,34,208.28,117.93392,53,6.1,5.2,0.9,-4.4,2020-21
3254,Ashton Hagans,21,190.5,86.18248,2,0,0,0,-21.8,2020-21
3202,Anderson Varejao,38,210.82,117.93392,5,2.6,4,0.6,-37.6,2020-21
4143,Jonas Valanciunas,29,210.82,120.20188,62,17.1,12.5,1.8,3.8,2020-21
3382,Caris LeVert,26,198.12,92.98636,47,20.2,4.6,5.2,-0.2,2020-21
3388,Carsen Edwards,23,180.34,90.7184,31,4,0.8,0.5,-4.1,2020-21
3519,Danny Green,34,198.12,97.52228,69,9.5,3.8,1.7,7.1,2020-21
3522,Dante Exum,25,195.58,97.068688,6,3.8,2.8,2.2,3.6,2020-21
3526,Danuel House Jr.,28,198.12,99.79024,36,8.8,3.7,1.9,-11.2,2020-21
3529,Dario Saric,27,208.28,102.0582,50,8.7,3.8,1.3,11.5,2020-21
3532,Darius Bazley,21,203.2,94.347136,55,13.7,7.2,1.8,-13.1,2020-21
3535,Darius Garland,21,185.42,87.089664,54,17.4,2.4,6.1,-6.6,2020-21
3539,Darius Miller,31,198.12,102.0582,18,4.1,1.3,1.2,7.2,2020-21
3545,David Nwaba,28,195.58,99.336648,30,9.2,3.9,1,-1.3,2020-21
3548,Davis Bertans,28,208.28,102.0582,57,11.5,2.9,0.9,2.1,2020-21
3552,De'Aaron Fox,23,190.5,83.91452,58,25.2,3.5,7.2,-4.5,2020-21
3555,De'Andre Hunter,23,203.2,102.0582,23,15,4.8,1.9,5.5,2020-21
3558,De'Anthony Melton,23,187.96,90.7184,52,9.1,3.1,2.5,6,2020-21
3561,DeAndre Jordan,32,210.82,120.20188,57,7.5,7.5,1.6,-1.9,2020-21
3565,DeAndre' Bembry,26,195.58,95.25432,51,5.7,2.9,2.1,0.4,2020-21
3568,DeMar DeRozan,31,198.12,99.79024,61,21.6,4.2,6.9,-2.5,2020-21
3571,DeMarcus Cousins,30,208.28,122.46984,41,8.9,6.4,1.9,-3.2,2020-21
3578,Dean Wade,24,205.74,103.418976,63,6,3.4,1.2,-9,2020-21
3581,Deandre Ayton,22,210.82,113.398,69,14.4,10.5,1.4,6.3,2020-21
3584,Deividas Sirvydis,21,203.2,86.18248,20,2.1,1.5,0.3,-9.7,2020-21
3588,Dejounte Murray,24,193.04,81.64656,67,15.7,7.1,5.4,2.3,2020-21
3591,Delon Wright,29,195.58,83.91452,63,10.2,4.3,4.4,-3.5,2020-21
3594,Deni Avdija,20,205.74,95.25432,54,6.3,4.9,1.2,-2.1,2020-21
3597,Dennis Schroder,27,190.5,78.017824,61,15.4,3.5,5.8,2.2,2020-21
3601,Dennis Smith Jr.,23,187.96,92.98636,23,6.7,2.4,3.3,-2.2,2020-21
3604,Denzel Valentine,27,193.04,99.79024,62,6.5,3.2,1.7,1,2020-21
3610,Derrick Favors,29,205.74,120.20188,68,5.4,5.5,0.6,2.6,2020-21
3614,Derrick Jones Jr.,24,195.58,95.25432,58,6.8,3.5,0.8,-0.8,2020-21
3617,Derrick Rose,32,187.96,90.7184,50,14.7,2.6,4.2,4.9,2020-21
3623,Derrick White,26,193.04,86.18248,36,15.4,3,3.5,5.1,2020-21
3516,Danilo Gallinari,32,208.28,105.686936,51,13.3,4.1,1.5,2.7,2020-21
3512,Daniel Theis,29,203.2,111.13004,65,9.6,5.5,1.7,-1.3,2020-21
3509,Daniel Oturu,21,203.2,108.86208,30,1.8,1.6,0.3,1.8,2020-21
3506,Daniel Gafford,22,208.28,106.140528,54,7,4.3,0.5,4.1,2020-21
3392,Cassius Stanley,21,195.58,86.18248,24,1.5,0.8,0,9.4,2020-21
3395,Cassius Winston,23,185.42,83.91452,22,1.9,0.4,0.5,-21.4,2020-21
3398,Cedi Osman,26,200.66,104.32616,59,10.4,3.4,2.9,-11,2020-21
3401,Chandler Hutchison,25,198.12,95.25432,25,4.3,3.1,0.7,-5.2,2020-21
3408,Charlie Brown Jr.,24,198.12,90.264808,9,4.4,1.9,1,-12.7,2020-21
3411,Chasson Randle,28,187.96,83.91452,41,6.5,2,1.8,-15,2020-21
3418,Chimezie Metu,24,205.74,102.0582,36,6.3,3.1,0.8,-7.8,2020-21
3421,Chris Boucher,28,205.74,90.7184,60,13.6,6.7,1.1,3.8,2020-21
3424,Chris Chiozza,25,180.34,79.3786,22,4,1.1,3,3,2020-21
3431,Chris Paul,36,182.88,79.3786,70,16.4,4.5,8.9,6.5,2020-21
3434,Chris Silva,24,203.2,106.140528,15,2.1,1.8,0.4,-0.5,2020-21
3437,Christian Wood,25,208.28,97.068688,41,21,9.6,1.7,-3.8,2020-21
3441,Chuma Okeke,22,198.12,103.872568,45,7.8,4,2.2,-7.2,2020-21
3444,Clint Capela,27,208.28,108.86208,63,15.2,14.3,0.8,6.6,2020-21
3385,Carmelo Anthony,37,200.66,107.954896,69,13.4,3.1,1.5,-0.6,2020-21
3447,Coby White,21,195.58,88.45044,69,15.1,4.1,4.8,-2.7,2020-21
3454,Cody Zeller,28,210.82,108.86208,48,9.4,6.8,1.8,2,2020-21
3457,Cole Anthony,21,187.96,83.91452,47,12.9,4.7,4.1,-12.8,2020-21
3460,Collin Sexton,22,185.42,86.18248,60,24.3,3.1,4.4,-9.2,2020-21
3467,Cory Joseph,29,190.5,90.7184,63,8.2,2.5,3.4,-5.5,2020-21
3473,Cristiano Felicio,28,210.82,122.46984,18,1.3,1.4,0.5,7.1,2020-21
3477,D'Angelo Russell,25,193.04,87.543256,42,19,2.6,5.8,-7,2020-21
3480,D.J. Augustin,33,180.34,83.007336,57,7.7,1.6,3.3,-1.8,2020-21
3483,D.J. Wilson,25,208.28,104.779752,35,5.2,3.2,0.7,-11.3,2020-21
3486,DaQuan Jeffries,23,195.58,104.32616,31,4.1,2.3,0.7,-4.5,2020-21
3490,Dakota Mathias,25,193.04,90.7184,8,6,0.9,1.6,-10.6,2020-21
3493,Damian Jones,26,210.82,111.13004,39,4.7,3.1,0.7,-5.1,2020-21
3496,Damian Lillard,30,187.96,88.45044,67,28.8,4.2,7.5,4,2020-21
3499,Damion Lee,28,195.58,95.25432,57,6.5,3.2,1.3,1.6,2020-21
3503,Damyean Dotson,27,195.58,95.25432,46,6.7,2,2,-12.5,2020-21
3450,Cody Martin,25,195.58,92.98636,52,4,3.1,1.7,1,2020-21
4149,Jontay Porter,21,210.82,108.86208,11,2,1.3,0.1,0.9,2020-21
4153,Jordan Bell,26,203.2,97.975872,6,2.5,4,1.2,-17,2020-21
4156,Jordan Bone,23,187.96,81.64656,14,4,1.7,1.3,-14.3,2020-21
4799,Richaun Holmes,27,208.28,106.59412,61,14.2,8.3,1.7,0.3,2020-21
4802,Ricky Rubio,30,190.5,86.18248,68,8.6,3.3,6.4,-5,2020-21
4806,Robert Covington,30,200.66,94.800728,70,8.5,6.7,1.7,4.8,2020-21
4809,Robert Franks,24,200.66,102.0582,7,6.1,2,0.7,-14.4,2020-21
4812,Robert Williams III,23,203.2,107.501304,52,8,6.9,1.8,0.4,2020-21
4815,Robert Woodard II,21,198.12,106.59412,13,1.5,1.2,0.2,6.6,2020-21
4819,Robin Lopez,33,213.36,127.459352,71,9,3.8,0.8,-1.1,2020-21
4822,Rodions Kurucs,23,205.74,103.418976,21,1.5,1.1,0.5,-0.3,2020-21
4825,Rodney Hood,28,203.2,94.347136,55,4.5,1.9,1,-6.6,2020-21
4828,Rodney McGruder,29,193.04,92.98636,16,5.7,1.4,1,-4,2020-21
4832,Romeo Langford,21,193.04,97.975872,18,3.1,1.9,0.7,-10.1,2020-21
4835,Rondae Hollis-Jefferson,26,198.12,98.429464,11,2.5,2.4,1.2,-1.1,2020-21
4838,Royce O'Neale,28,193.04,102.511792,71,7,6.8,2.5,10.4,2020-21
4842,Rudy Gay,34,203.2,113.398,63,11.4,4.8,1.4,4.5,2020-21
4845,Rudy Gobert,29,215.9,117.026736,71,14.3,13.5,1.3,15.9,2020-21
4848,Rui Hachimura,23,203.2,104.32616,57,13.8,5.5,1.4,-2.8,2020-21
4851,Russell Westbrook,32,190.5,90.7184,65,22.2,11.5,11.7,-1.2,2020-21
4858,Ryan Arcidiacono,27,190.5,88.45044,44,3.1,1.5,1.3,0,2020-21
4864,Saben Lee,22,187.96,83.007336,48,5.6,2,3.6,-6.3,2020-21
4868,Saddiq Bey,22,200.66,97.52228,70,12.2,4.5,1.4,-5.6,2020-21
4871,Sam Merrill,25,193.04,92.98636,30,3,1,0.7,-8.5,2020-21
4874,Sean McDermott,24,198.12,88.45044,18,2.2,1.1,0.2,-17.7,2020-21
4877,Sekou Doumbouya,20,203.2,104.32616,56,5.1,2.6,0.8,-6.9,2020-21
4881,Semi Ojeleye,26,198.12,108.86208,56,4.6,2.6,0.7,-0.2,2020-21
4884,Serge Ibaka,31,208.28,106.59412,41,11.1,6.7,1.8,7.4,2020-21
4887,Seth Curry,30,187.96,83.91452,57,12.5,2.4,2.7,8.2,2020-21
4894,Shai Gilgeous-Alexander,22,198.12,81.64656,35,23.7,4.7,5.9,-7.7,2020-21
4897,Shake Milton,24,195.58,92.98636,63,13,2.3,3.1,4.3,2020-21
4904,Shaquille Harrison,27,200.66,86.18248,34,2.1,1.4,0.7,-10.1,2020-21
4796,Reggie Perry,21,203.2,113.398,26,3,2.8,0.5,-7.3,2020-21
4793,Reggie Jackson,31,187.96,94.347136,67,10.7,2.9,3.1,7.4,2020-21
4789,Reggie Bullock,30,198.12,92.98636,65,10.9,3.4,1.5,2.5,2020-21
4786,Rayjon Tucker,23,190.5,94.800728,14,2.4,0.8,0.4,-5.2,2020-21
4685,Norman Powell,28,190.5,97.52228,69,18.6,3.1,1.9,1.8,2020-21
4688,Norvel Pelle,28,208.28,104.779752,13,1.5,1.5,0.2,12.2,2020-21
4691,OG Anunoby,23,200.66,105.233344,43,15.9,5.5,2.2,3.3,2020-21
4695,Obi Toppin,23,205.74,99.79024,62,4.1,2.2,0.5,2.7,2020-21
4701,Onyeka Okongwu,20,203.2,106.59412,50,4.6,3.3,0.4,-6.3,2020-21
4704,Oshae Brissett,23,200.66,95.25432,21,10.9,5.5,0.9,6,2020-21
4708,Otto Porter Jr.,28,203.2,89.811216,28,9.7,5.4,2,-3,2020-21
4711,P.J. Tucker,36,195.58,111.13004,52,3.7,3.9,1.2,-5.5,2020-21
4714,P.J. Washington,22,200.66,104.32616,64,12.9,6.5,2.5,0.6,2020-21
4717,PJ Dozier,24,198.12,92.98636,50,7.7,3.6,1.8,9.5,2020-21
4721,Pascal Siakam,27,205.74,104.32616,56,21.4,7.2,4.5,3,2020-21
4724,Pat Connaughton,28,195.58,94.800728,69,6.8,4.8,1.2,6.9,2020-21
4727,Patrick Beverley,32,185.42,81.64656,37,7.5,3.2,2.1,9,2020-21
4731,Patrick McCaw,25,200.66,82.100152,5,1,0.6,0.8,-33,2020-21
4907,Sindarius Thornwell,26,193.04,97.52228,21,2,0.9,1,-2,2020-21
4734,Patrick Patterson,32,203.2,106.59412,38,5.2,2,0.8,2.1,2020-21
4740,Patty Mills,32,185.42,81.64656,68,10.8,1.7,2.4,1.4,2020-21
4744,Paul George,31,203.2,99.79024,54,23.3,6.6,5.2,11.3,2020-21
4747,Paul Millsap,36,200.66,116.573144,56,9,4.7,1.8,4.7,2020-21
4750,Paul Reed,22,205.74,95.25432,26,3.4,2.3,0.5,11.2,2020-21
4753,Paul Watson,26,198.12,95.25432,27,4.1,1.7,0.6,-1.7,2020-21
4757,Payton Pritchard,23,185.42,88.45044,66,7.7,2.4,1.8,0.6,2020-21
4760,Precious Achiuwa,21,203.2,102.0582,61,5,3.4,0.5,-7.2,2020-21
4763,Quinn Cook,28,185.42,81.64656,23,3.3,0.7,0.8,-3.9,2020-21
4766,Quinndary Weatherspoon,24,190.5,92.98636,20,2.3,0.6,0.4,-22.6,2020-21
4770,R.J. Hampton,20,193.04,79.3786,51,6.9,3.5,1.7,-14.2,2020-21
4773,RJ Barrett,21,198.12,97.068688,72,17.6,5.8,3,2.7,2020-21
4776,Rajon Rondo,35,185.42,81.64656,45,5.4,2.4,4.4,1,2020-21
4780,Raul Neto,29,185.42,81.64656,64,8.7,2.4,2.3,-1,2020-21
4783,Ray Spalding,24,205.74,102.0582,2,2,2,0,-15.9,2020-21
4737,Patrick Williams,19,200.66,97.52228,71,9.2,4.6,1.4,-7.1,2020-21
4682,Noah Vonleh,25,208.28,116.573144,4,0,0.3,0.3,-63.2,2020-21
4913,Skylar Mays,23,193.04,92.98636,33,3.8,1.1,0.9,1.4,2020-21
4920,Spencer Dinwiddie,28,195.58,97.52228,3,6.7,4.3,3,29.8,2020-21
5044,Trent Forrest,23,193.04,95.25432,30,2.9,1.5,1.5,-7.7,2020-21
5051,Trevor Ariza,36,203.2,97.52228,30,9.4,4.8,1.8,2.8,2020-21
5054,Trey Burke,28,182.88,83.91452,62,6.6,0.9,1.3,1.3,2020-21
5057,Trey Lyles,25,205.74,106.140528,23,5,3.7,0.6,-14.5,2020-21
5060,Tristan Thompson,30,205.74,115.212368,54,7.6,8.1,1.2,1,2020-21
5064,Troy Brown Jr.,21,198.12,97.52228,34,4.7,3.1,0.9,3.1,2020-21
5070,Ty Jerome,23,195.58,88.45044,33,10.7,2.8,3.6,-8.5,2020-21
5073,Ty-Shon Alexander,22,190.5,88.45044,15,0.6,0.7,0.4,-6,2020-21
5077,Tyler Bey,23,200.66,97.52228,18,1,1.1,0.2,-27,2020-21
5080,Tyler Cook,23,203.2,115.66596,32,4.9,3,0.5,-4.2,2020-21
5083,Tyler Herro,21,195.58,88.45044,54,15.1,5,3.4,-2.9,2020-21
5086,Tyler Johnson,29,190.5,84.368112,39,5.4,2,1.2,3.3,2020-21
5093,Tyrell Terry,20,187.96,72.57472,11,1,0.5,0.5,0,2020-21
5096,Tyrese Haliburton,21,195.58,83.91452,58,13,3,5.3,-5.6,2020-21
5100,Tyrese Maxey,20,187.96,90.7184,61,8,1.7,2,-1.6,2020-21
5109,Tyus Jones,25,182.88,88.904032,70,6.3,2,3.7,-2.8,2020-21
5113,Udoka Azubuike,21,208.28,127.00576,15,1.1,0.9,0,-54.5,2020-21
5116,Udonis Haslem,41,203.2,106.59412,1,4,1,0,66.7,2020-21
5119,Vernon Carey Jr.,20,205.74,122.46984,19,2.4,1.4,0.1,-3.2,2020-21
5126,Victor Oladipo,29,193.04,96.615096,33,19.8,4.8,4.6,-2.3,2020-21
5132,Vincent Poirier,27,213.36,106.59412,10,0.8,1.4,0.2,-19.4,2020-21
5135,Vlatko Cancar,24,203.2,107.047712,41,2.1,1.2,0.3,-17.5,2020-21
5139,Wayne Ellington,33,193.04,93.893544,46,9.6,1.8,1.5,-4.3,2020-21
5142,Wendell Carter Jr.,22,208.28,122.46984,54,11.2,8.2,1.9,-9,2020-21
5145,Wenyen Gabriel,24,205.74,92.98636,21,3.4,2.6,0.5,0.8,2020-21
5149,Wes Iwundu,26,198.12,88.45044,41,2.4,2.2,0.4,-6.6,2020-21
5152,Wesley Matthews,34,193.04,99.79024,58,4.8,1.6,0.9,1.9,2020-21
5155,Will Barton,30,198.12,82.100152,56,12.7,4,3.2,6,2020-21
5158,Will Magnay,23,208.28,106.140528,1,0,0,0,-148.2,2020-21
5041,Tremont Waters,23,177.8,79.3786,26,3.8,0.8,2.4,-2,2020-21
5037,Tre Jones,21,185.42,83.91452,37,2.5,0.6,1.1,-13.8,2020-21
5034,Trae Young,22,185.42,81.64656,63,25.3,3.9,9.4,5.2,2020-21
5031,Torrey Craig,30,200.66,100.243832,50,5.5,3.9,1,-3.7,2020-21
4923,Stanley Johnson,25,198.12,109.769264,61,4.4,2.5,1.5,-6.4,2020-21
4930,Stephen Curry,33,190.5,83.91452,63,32,5.5,5.8,4.6,2020-21
4933,Sterling Brown,26,195.58,99.336648,51,8.2,4.4,1.4,-5.4,2020-21
4936,Steven Adams,27,210.82,120.20188,58,7.6,8.9,1.9,-0.1,2020-21
4940,Svi Mykhailiuk,24,200.66,92.98636,66,8.5,2.5,1.7,-8.2,2020-21
4943,T.J. Leaf,24,208.28,100.697424,7,1.7,0.7,0.1,-24.8,2020-21
4946,T.J. McConnell,29,185.42,86.18248,69,8.6,3.7,6.6,2.5,2020-21
4949,T.J. Warren,27,203.2,99.79024,4,15.5,3.5,1.3,2.6,2020-21
4953,Tacko Fall,25,226.06,141.067112,19,2.5,2.7,0.2,6.3,2020-21
4956,Taj Gibson,36,205.74,105.233344,45,5.4,5.6,0.8,7.3,2020-21
4959,Talen Horton-Tucker,20,193.04,106.140528,65,9,2.6,2.8,1,2020-21
4966,Taurean Prince,27,200.66,98.883056,41,9.5,3.5,1.9,-6.1,2020-21
4969,Terance Mann,24,195.58,97.52228,67,7,3.6,1.6,2.7,2020-21
4972,Terence Davis,24,193.04,91.171992,61,8.7,2.5,1.4,-2.8,2020-21
4917,Solomon Hill,30,198.12,102.511792,71,4.5,3,1.1,1,2020-21
4975,Terrance Ferguson,23,198.12,86.18248,13,0.2,0.1,0.2,-17.8,2020-21
4982,Terry Rozier,27,185.42,86.18248,69,20.4,4.4,4.2,-2,2020-21
4989,Thaddeus Young,33,203.2,106.59412,68,12.1,6.2,4.3,4.1,2020-21
4992,Thanasis Antetokounmpo,28,198.12,99.336648,57,2.9,2.2,0.8,2.5,2020-21
4995,Theo Maledon,20,193.04,79.3786,65,10.1,3.2,3.5,-16.5,2020-21
4998,Theo Pinson,25,195.58,96.161504,17,0.1,0.3,0.1,-16,2020-21
5002,Thomas Bryant,23,208.28,112.490816,10,14.3,6.1,1.5,-2.1,2020-21
5005,Thon Maker,24,213.36,100.243832,8,3.8,2.3,0.5,-10.9,2020-21
5008,Tim Frazier,30,182.88,77.11064,5,1.6,1.6,3.2,7.8,2020-21
5011,Tim Hardaway Jr.,29,195.58,92.98636,70,16.6,3.3,1.8,2.1,2020-21
5015,Timothe Luwawu-Cabarrot,26,200.66,99.79024,58,6.4,2.2,1.2,-0.4,2020-21
5018,Tobias Harris,28,203.2,102.511792,62,19.5,6.8,3.5,7.2,2020-21
5021,Tomas Satoransky,29,200.66,95.25432,58,7.7,2.4,4.7,-0.8,2020-21
5024,Tony Bradley,23,208.28,112.490816,42,7.1,5.7,0.9,-1.8,2020-21
5028,Tony Snell,29,198.12,96.615096,47,5.3,2.4,1.3,2.2,2020-21
4979,Terrence Ross,30,198.12,93.439952,46,15.6,3.4,2.3,-8.8,2020-21
5168,Willy Hernangomez,27,210.82,113.398,47,7.8,7.1,1.1,0,2020-21
4678,Nikola Vucevic,30,210.82,117.93392,70,23.4,11.7,3.8,-7,2020-21
4668,Nicolo Melli,30,205.74,107.047712,45,3,2.7,1,1.1,2020-21
4293,Kenrich Williams,26,198.12,95.25432,66,8,4.1,2.3,-6.3,2020-21
4296,Kent Bazemore,31,193.04,88.45044,67,7.2,3.4,1.6,5.9,2020-21
4299,Kentavious Caldwell-Pope,28,195.58,92.532768,67,9.7,2.7,1.9,3.3,2020-21
4303,Kenyon Martin Jr.,20,198.12,97.52228,45,9.3,5.4,1.1,-11.5,2020-21
4306,Kevin Durant,32,208.28,108.86208,35,26.9,7.1,5.6,10.7,2020-21
4313,Kevin Huerter,22,200.66,86.18248,69,11.9,3.3,3.5,1.7,2020-21
4316,Kevin Knox II,21,200.66,97.52228,42,3.9,1.5,0.5,-3.5,2020-21
4319,Kevin Love,32,203.2,113.851592,25,12.2,7.4,2.5,-6.5,2020-21
4322,Kevin Porter Jr.,21,193.04,92.079176,26,16.6,3.8,6.3,-12.6,2020-21
4326,Kevon Looney,25,205.74,100.697424,61,4.1,5.3,2,6,2020-21
4329,Khem Birch,28,205.74,105.686936,67,7.2,5.8,1.3,-3.6,2020-21
4332,Khris Middleton,29,200.66,100.697424,68,20.4,6,5.4,6.2,2020-21
4335,Khyri Thomas,25,190.5,95.25432,5,16.4,3.6,5,7.3,2020-21
4339,Killian Hayes,19,195.58,88.45044,26,6.8,2.7,5.3,-10.1,2020-21
4342,Killian Tillie,23,205.74,99.79024,18,3.2,1.3,0.4,9.6,2020-21
4345,Kira Lewis Jr.,20,185.42,77.11064,54,6.4,1.3,2.3,0.8,2020-21
4348,Kostas Antetokounmpo,23,208.28,90.7184,15,0.8,1.3,0.1,22.1,2020-21
4352,Kris Dunn,27,190.5,92.98636,4,1.3,1.5,0.5,-31.4,2020-21
4355,Kristaps Porzingis,25,220.98,108.86208,43,20.1,8.9,1.6,0.7,2020-21
4365,Kyle Anderson,27,205.74,104.32616,69,12.4,5.7,3.6,1.6,2020-21
4368,Kyle Guy,23,185.42,75.749864,31,2.8,1.1,1,-4.2,2020-21
4375,Kyle Kuzma,25,208.28,100.243832,68,12.9,6.1,1.9,-0.6,2020-21
4378,Kyle Lowry,35,182.88,88.904032,46,17.2,5.4,7.3,-0.3,2020-21
4384,Kyrie Irving,29,187.96,88.45044,54,26.9,4.8,6,5.6,2020-21
4388,LaMarcus Aldridge,35,210.82,113.398,26,13.5,4.5,1.9,-2.8,2020-21
4391,LaMelo Ball,19,198.12,81.64656,51,15.7,5.9,6.1,-3.1,2020-21
4394,Lamar Stevens,23,198.12,104.32616,40,4.1,2.4,0.6,-10.4,2020-21
4401,Landry Shamet,24,193.04,86.18248,61,9.3,1.8,1.6,1.1,2020-21
4404,Langston Galloway,29,185.42,90.7184,40,4.8,1.1,0.7,3.2,2020-21
4290,Kendrick Nunn,25,187.96,86.18248,56,14.6,3.2,2.6,-0.4,2020-21
4286,Kemba Walker,31,182.88,83.460928,43,19.3,4,4.9,3.1,2020-21
4283,Kelly Oubre Jr.,25,200.66,92.079176,55,15.4,6,1.3,-4.6,2020-21
4280,Kelly Olynyk,30,210.82,108.86208,70,13.5,7,2.9,-2.5,2020-21
4159,Jordan Clarkson,29,193.04,87.996848,68,18.4,4,2.5,7.8,2020-21
4162,Jordan McLaughlin,25,180.34,83.91452,51,5,2.1,3.8,-6.3,2020-21
4169,Jordan Nwora,22,203.2,102.0582,30,5.7,2,0.2,-0.3,2020-21
4172,Jordan Poole,22,193.04,87.996848,51,12,1.8,1.9,0.7,2020-21
4179,Josh Green,20,195.58,90.7184,39,2.6,2,0.7,1.9,2020-21
4182,Josh Hall,20,205.74,86.18248,21,4.1,2.8,1.3,-13.2,2020-21
4185,Josh Hart,26,195.58,97.52228,47,9.2,8,2.3,-0.2,2020-21
4188,Josh Jackson,24,203.2,93.893544,62,13.4,4.1,2.3,-3.4,2020-21
4195,Josh Okogie,22,193.04,96.615096,59,5.4,2.6,1.1,-6.6,2020-21
4202,Josh Richardson,27,195.58,90.7184,59,12.1,3.3,2.6,-0.2,2020-21
4205,Jrue Holiday,31,190.5,92.98636,59,17.7,4.5,6.1,9.2,2020-21
4208,Juan Toscano-Anderson,28,198.12,94.800728,53,5.7,4.4,2.8,3.8,2020-21
4211,Juancho Hernangomez,25,205.74,97.068688,52,7.2,3.9,0.7,-4.9,2020-21
4215,Julius Randle,26,203.2,113.398,71,24.1,10.2,6,3,2020-21
4407,Larry Nance Jr.,28,200.66,111.13004,35,9.3,6.7,3.1,-5.6,2020-21
4221,Justin Holiday,32,198.12,81.64656,72,10.5,3.6,1.7,-0.6,2020-21
4228,Justin James,24,200.66,86.18248,36,3.9,0.8,0.6,-8.5,2020-21
4231,Justin Patton,24,210.82,109.315672,13,5.4,3.8,1.1,-14.1,2020-21
4234,Justin Robinson,23,185.42,88.45044,9,2.3,0.8,1,-22,2020-21
4241,Justise Winslow,25,198.12,100.697424,26,6.8,4.5,1.9,-6.1,2020-21
4244,Jusuf Nurkic,26,210.82,131.54168,37,11.5,9,3.4,6.9,2020-21
4247,Juwan Morgan,24,200.66,105.233344,29,1.2,1,0.3,-34.1,2020-21
4250,KZ Okpala,22,203.2,97.52228,37,2.5,1.8,0.5,-6.8,2020-21
4257,Karim Mane,21,190.5,86.18248,10,1.1,1.4,0.4,-12,2020-21
4260,Karl-Anthony Towns,25,210.82,112.490816,50,24.8,10.6,4.5,-0.1,2020-21
4264,Kawhi Leonard,30,200.66,102.0582,52,24.8,6.5,5.2,12.2,2020-21
4267,Keita Bates-Diop,25,203.2,103.872568,30,2.6,1.6,0.4,-7.7,2020-21
4270,Kelan Martin,25,195.58,104.32616,35,4.5,2.2,0.5,15.6,2020-21
4273,Keldon Johnson,21,195.58,99.79024,69,12.8,6,1.8,-3.8,2020-21
4277,Keljin Blevins,25,193.04,90.7184,17,0.7,0.6,0.2,-22.2,2020-21
4224,Justin Jackson,26,203.2,99.79024,34,7.2,2.3,1.5,-3,2020-21
4675,Nikola Jokic,26,210.82,128.820128,72,26.4,10.8,8.3,7.7,2020-21
4410,Lauri Markkanen,24,213.36,108.86208,51,13.6,5.3,0.9,-2.8,2020-21
4417,Lonnie Walker IV,22,193.04,92.532768,60,11.2,2.6,1.7,-6.3,2020-21
4571,Michael Porter Jr.,23,208.28,98.883056,61,19,7.3,1.1,8.3,2020-21
4574,Mikal Bridges,24,198.12,94.800728,72,13.5,4.3,2.1,7.4,2020-21
4577,Mike Conley,33,185.42,79.3786,51,16.2,3.5,6,16.7,2020-21
4580,Mike James,30,185.42,79.3786,13,7.7,2.5,4.2,4.1,2020-21
4584,Mike Muscala,29,208.28,108.86208,35,9.7,3.8,0.8,0.6,2020-21
4587,Mike Scott,32,200.66,107.501304,51,4.2,2.4,0.8,-0.2,2020-21
4590,Miles Bridges,23,198.12,102.0582,66,12.7,6,2.2,0.3,2020-21
4593,Mitchell Robinson,23,213.36,108.86208,31,8.3,8.1,0.5,-0.4,2020-21
4597,Miye Oni,23,195.58,93.439952,54,1.9,1.6,0.5,8.8,2020-21
4600,Mo Bamba,23,213.36,104.779752,46,8,5.8,0.8,-12.9,2020-21
4603,Monte Morris,26,187.96,83.007336,47,10.2,2,3.2,6.2,2020-21
4606,Montrezl Harrell,27,200.66,108.86208,69,13.5,6.2,1.1,1.4,2020-21
4610,Moritz Wagner,24,210.82,111.13004,45,6.9,3.2,1.1,-7.9,2020-21
4613,Moses Brown,21,218.44,111.13004,43,8.6,8.9,0.2,-18.3,2020-21
4616,Mychal Mulder,27,190.5,83.460928,60,5.6,1,0.4,2.9,2020-21
4619,Myles Turner,25,210.82,113.398,47,12.6,6.5,1,1.3,2020-21
4623,Naji Marshall,23,200.66,99.79024,32,7.7,4.6,2.8,-1.5,2020-21
4626,Nassir Little,21,195.58,99.79024,48,4.6,2.7,0.5,-2.2,2020-21
4629,Nate Darling,22,198.12,90.7184,7,1.3,0.1,0.1,-54.3,2020-21
4633,Nate Hinton,22,195.58,95.25432,21,2,0.4,0.4,-28.2,2020-21
4636,Nathan Knight,23,208.28,114.758776,33,3.8,2.2,0.2,-4.3,2020-21
4642,Naz Reid,21,205.74,119.748288,70,11.2,4.6,1,-9.7,2020-21
4646,Nemanja Bjelica,33,208.28,106.140528,37,6.5,3.4,1.9,-6.7,2020-21
4649,Nerlens Noel,27,210.82,99.79024,64,5.1,6.4,0.7,0.7,2020-21
4652,Nick Richards,23,213.36,111.13004,18,0.8,0.6,0.1,-10.5,2020-21
4655,Nickeil Alexander-Walker,22,198.12,92.98636,46,11,3.1,2.2,-3.3,2020-21
4659,Nico Mannion,20,187.96,86.18248,30,4.1,1.5,2.3,-9.4,2020-21
4662,Nicolas Batum,32,203.2,104.32616,67,8.1,4.7,2.2,8.9,2020-21
4665,Nicolas Claxton,22,210.82,97.52228,32,6.6,5.2,0.9,12.3,2020-21
4561,Michael Carter-Williams,29,195.58,86.18248,31,8.8,4.5,4.2,-2.5,2020-21
4557,Mfiondu Kabengele,23,205.74,113.398,39,2.4,1.5,0.4,-14.2,2020-21
4554,Meyers Leonard,29,213.36,117.93392,3,3.3,2.3,0.7,-1.4,2020-21
4548,Maxi Kleber,29,208.28,108.86208,50,7.1,5.2,1.4,4.6,2020-21
4420,Lonzo Ball,23,198.12,86.18248,55,14.6,4.8,5.7,0.5,2020-21
4424,Lou Williams,34,185.42,79.3786,66,11.3,2.1,3.4,1.8,2020-21
4427,Louis King,22,200.66,92.98636,6,7.3,3,1.5,-3.3,2020-21
4433,Luguentz Dort,22,190.5,97.52228,52,14,3.6,1.7,-7.2,2020-21
4437,Luka Doncic,22,200.66,104.32616,66,27.7,8,8.6,3.9,2020-21
4440,Luka Samanic,21,208.28,102.965384,33,3.7,2.1,0.5,-2,2020-21
4443,Luke Kennard,25,195.58,93.439952,63,8.3,2.6,1.7,-0.4,2020-21
4446,Luke Kornet,25,218.44,113.398,31,3.4,2.2,0.8,5.8,2020-21
4450,Malachi Flynn,23,185.42,79.3786,47,7.5,2.5,2.9,-5.6,2020-21
4453,Malcolm Brogdon,28,195.58,103.872568,56,21.2,5.3,5.9,-0.5,2020-21
4459,Malik Beasley,24,193.04,84.821704,37,19.6,4.4,2.4,-7.2,2020-21
4463,Malik Fitts,23,203.2,104.32616,3,1,1,0,-27.3,2020-21
4466,Malik Monk,23,190.5,90.7184,42,11.7,2.4,2.1,0.8,2020-21
4473,Mamadi Diakite,24,205.74,103.418976,14,3.1,2.4,0.6,3.8,2020-21
4414,LeBron James,36,205.74,113.398,45,25,7.7,7.8,9.2,2020-21
4476,Marc Gasol,36,210.82,115.66596,52,5,4.1,2.1,4.3,2020-21
4486,Marcus Smart,27,190.5,99.79024,48,13.1,3.5,5.7,2.8,2020-21
4495,Markelle Fultz,23,190.5,94.800728,8,12.9,3.1,5.4,-6.5,2020-21
4499,Markieff Morris,31,205.74,111.13004,61,6.7,4.4,1.2,0.8,2020-21
4505,Markus Howard,22,177.8,79.3786,37,2.8,0.6,0.5,-17,2020-21
4508,Marques Bolden,23,208.28,112.944408,6,1.2,1,0,12.3,2020-21
4512,Marquese Chriss,23,205.74,108.86208,2,6.5,6.5,1,-40.3,2020-21
4515,Marvin Bagley III,22,210.82,106.59412,43,14.1,7.4,1,-3.7,2020-21
4522,Mason Jones,22,193.04,90.7184,32,5.3,1.7,1.3,-9.9,2020-21
4525,Mason Plumlee,31,210.82,115.212368,56,10.4,9.3,3.6,-4.9,2020-21
4528,Matisse Thybulle,24,195.58,91.171992,65,3.9,1.9,1,4.6,2020-21
4535,Matt Thomas,26,193.04,86.18248,45,3.1,1,0.4,-9.3,2020-21
4538,Matthew Dellavedova,30,190.5,90.7184,13,2.8,1.8,4.5,-3.1,2020-21
4541,Maurice Harkless,28,200.66,99.79024,37,5.2,2.4,1.2,-2.9,2020-21
4544,Max Strus,25,195.58,97.52228,39,6.1,1.1,0.6,-4.2,2020-21
4482,Marcus Morris Sr.,31,203.2,98.883056,57,13.4,4.1,1,4.2,2020-21
3137,Aaron Gordon,25,203.2,106.59412,50,12.4,5.7,3.2,2.1,2020-21
