pid,name,team,age,height,weight,gp,pts,reb,ast,net rating,season
3790,Fred VanVleet,5295,26,185.42,89.357624,54,17.6,3.8,6.6,4.8,2019-20
3797,Furkan Korkmaz,5279,22,200.66,91.625584,72,9.8,2.3,1.1,2.7,2019-20
3800,Gabe Vincent,5256,24,190.5,90.7184,9,2.4,0.6,0.7,-15.9,2019-20
3806,Garrett Temple,5211,34,195.58,88.45044,62,10.3,3.5,2.5,-1.4,2019-20
3810,Garrison Mathews,5302,23,195.58,97.52228,18,5.4,1.3,0.6,7.1,2019-20
3813,Gary Clark,5276,25,198.12,102.0582,42,3.7,2.6,0.4,-5.1,2019-20
3816,Gary Harris,5230,25,193.04,95.25432,56,10.4,2.9,2.1,3.4,2019-20
3819,Gary Payton II,5302,27,190.5,88.45044,29,3.9,2.8,1.7,-14.3,2019-20
3823,Gary Trent Jr.,5286,21,195.58,94.800728,61,8.9,1.6,1,-1.4,2019-20
3826,George Hill,5260,34,190.5,85.275296,59,9.4,3,3.1,10.6,2019-20
3829,Georges Niang,5299,27,200.66,104.32616,66,5.9,1.9,0.7,-1.1,2019-20
3832,Giannis Antetokounmpo,5260,25,210.82,109.769264,63,29.5,13.6,5.6,15.4,2019-20
3836,Glenn Robinson III,5279,26,198.12,100.697424,62,11.7,4.4,1.5,-7.8,2019-20
3839,Goga Bitadze,5243,20,210.82,113.398,54,3.2,2,0.4,-1.4,2019-20
3842,Goran Dragic,5256,34,190.5,86.18248,59,16.2,3.2,5.1,3.5,2019-20
3846,Gordon Hayward,5214,30,200.66,102.0582,52,17.5,6.7,4.1,8.5,2019-20
3849,Gorgui Dieng,5253,30,208.28,114.305184,63,7.4,5.6,1.2,-3.6,2019-20
3855,Grant Williams,5214,21,198.12,107.047712,69,3.4,2.6,1,6.3,2019-20
3859,Grayson Allen,5253,24,193.04,89.811216,38,8.7,2.2,1.4,-6,2019-20
3865,Hamidou Diallo,5273,21,195.58,91.625584,46,6.9,3.6,0.8,0.9,2019-20
3868,Harrison Barnes,5289,28,203.2,102.0582,72,14.5,4.9,2.2,-2.5,2019-20
3872,Harry Giles III,5289,22,210.82,108.86208,46,6.9,4.1,1.3,-8.2,2019-20
3875,Hassan Whiteside,5286,31,213.36,120.20188,67,15.5,13.5,1.2,2.7,2019-20
3878,Henry Ellenson,5211,23,208.28,108.86208,5,0.4,1.2,0.2,27.3,2019-20
3881,Ian Mahinmi,5302,33,210.82,118.841104,38,7.4,5.7,1.3,-4.5,2019-20
3885,Ignas Brazdeikis,5269,21,198.12,100.243832,9,1.9,0.6,0.4,-7.1,2019-20
3888,Iman Shumpert,5211,30,195.58,96.161504,13,4.2,2.6,0.9,-9,2019-20
3895,Isaac Bonga,5302,20,203.2,81.64656,66,5,3.4,1.2,-0.4,2019-20
3901,Isaiah Hartenstein,5240,22,213.36,113.398,23,4.7,3.9,0.8,8.7,2019-20
3787,Frank Ntilikina,5269,21,193.04,90.7184,57,6.3,2.1,3,-3.9,2019-20
3908,Isaiah Roby,5273,22,203.2,104.32616,3,0,0.7,0,-11.5,2019-20
3784,Frank Mason,5260,26,180.34,86.18248,9,6.9,2.1,3.2,-1.8,2019-20
3777,Frank Jackson,5266,22,190.5,92.98636,59,6.3,1.4,1,-3.4,2019-20
3669,Domantas Sabonis,5243,24,210.82,108.86208,62,18.5,12.4,5,3.1,2019-20
3672,Donovan Mitchell,5299,23,185.42,97.52228,69,24,4.4,4.3,2.6,2019-20
3676,Donta Hall,5211,22,205.74,103.872568,9,4.3,4.2,0.4,-12,2019-20
3679,Donte DiVincenzo,5260,23,193.04,92.079176,66,9.2,4.8,2.3,12.2,2019-20
3682,Dorian Finney-Smith,5227,27,200.66,99.79024,71,9.5,5.7,1.6,6.5,2019-20
3686,Doug McDermott,5243,28,200.66,102.0582,69,10.3,2.5,1.1,3.2,2019-20
3689,Dragan Bender,5237,22,213.36,112.944408,16,6.7,4.6,1.8,1.1,2019-20
3692,Draymond Green,5237,30,198.12,104.32616,43,8,6.2,6.2,-7.2,2019-20
3695,Drew Eubanks,5292,23,205.74,111.13004,22,4.9,3.9,0.7,-11,2019-20
3699,Duncan Robinson,5256,26,200.66,97.52228,73,13.5,3.2,1.4,7.5,2019-20
3702,Dusty Hannahs,5253,26,190.5,95.25432,2,6,0.5,0,17.2,2019-20
3705,Dwayne Bacon,5217,24,198.12,100.243832,39,5.7,2.6,1.3,-8.2,2019-20
3708,Dwight Howard,5250,34,208.28,120.20188,69,7.5,7.3,0.7,5.9,2019-20
3712,Dwight Powell,5227,28,208.28,108.86208,40,9.4,5.7,1.5,8.9,2019-20
3718,Dzanan Musa,5211,21,205.74,98.429464,40,4.8,2.2,1.1,-2.5,2019-20
3721,E'Twaun Moore,5266,31,190.5,86.636072,56,8.3,2.3,1.4,-2.2,2019-20
3725,Ed Davis,5299,31,205.74,98.883056,28,1.8,3.8,0.4,-15.2,2019-20
3728,Edmond Sumner,5243,24,193.04,88.904032,31,4.9,1.5,1.8,-2.6,2019-20
3731,Elfrid Payton,5269,26,190.5,88.45044,45,10,4.7,7.2,-3,2019-20
3735,Elie Okobo,5282,22,190.5,86.18248,55,4,1.6,2.1,-3.2,2019-20
3744,Emmanuel Mudiay,5299,24,190.5,90.7184,54,7.3,2.3,2.1,-2,2019-20
3748,Enes Kanter,5214,28,208.28,113.398,58,8.1,7.4,1,9.9,2019-20
3751,Eric Bledsoe,5260,30,185.42,97.068688,61,14.9,4.6,5.4,11.8,2019-20
3754,Eric Gordon,5240,31,190.5,97.52228,36,14.4,2,1.5,0.4,2019-20
3757,Eric Mika,5289,25,208.28,105.686936,1,6,7,0,19.5,2019-20
3761,Eric Paschall,5237,23,198.12,115.66596,60,14,4.6,2.1,-10.6,2019-20
3764,Ersan Ilyasova,5260,33,205.74,106.59412,63,6.6,4.8,0.8,4.2,2019-20
3767,Evan Fournier,5276,27,200.66,92.98636,66,18.5,2.6,3.2,-1.8,2019-20
3770,Evan Turner,5263,31,198.12,99.79024,19,3.3,2,2,-11.4,2019-20
3780,Frank Kaminsky,5282,27,213.36,108.86208,39,9.7,4.5,1.9,-1,2019-20
3666,Dion Waiters,5250,28,190.5,95.25432,10,11.1,2.4,2,7.8,2019-20
3914,Isaiah Thomas,5302,31,175.26,83.91452,40,12.2,1.7,3.7,-10.4,2019-20
3921,Ivica Zubac,5246,23,213.36,108.86208,72,8.3,7.5,1.1,8.9,2019-20
4061,Jaylen Hoard,5286,21,203.2,97.975872,13,2.9,2.5,0.3,3,2019-20
4064,Jaylen Nowell,5263,20,193.04,91.171992,15,3.8,0.9,1.3,1.2,2019-20
4068,Jayson Tatum,5214,22,203.2,95.25432,66,23.4,7,3,10.6,2019-20
4071,Jeff Green,5240,33,203.2,106.59412,48,9.4,2.8,1,-3.8,2019-20
4074,Jeff Teague,5207,32,190.5,88.45044,59,10.9,2.4,5.2,-5.7,2019-20
4077,Jerami Grant,5230,26,203.2,95.25432,71,12,3.5,1.2,-2.1,2019-20
4081,Jeremiah Martin,5211,24,187.96,83.91452,9,7.1,1.1,2,-8.4,2019-20
4084,Jeremy Lamb,5243,28,195.58,81.64656,46,12.5,4.3,2.1,-0.9,2019-20
4087,Jeremy Pargo,5237,34,187.96,99.336648,3,8.3,1,2.7,2.4,2019-20
4090,Jerian Grant,5302,27,193.04,89.811216,6,4.5,1,1.5,-3.6,2019-20
4094,Jerome Robinson,5302,23,193.04,86.18248,63,5.1,2,1.4,-1,2019-20
4097,Jevon Carter,5282,24,185.42,90.7184,58,4.9,2,1.4,0.7,2019-20
4100,Jimmy Butler,5256,30,200.66,104.32616,58,19.9,6.7,6,5.2,2019-20
4104,Joakim Noah,5246,35,210.82,105.233344,5,2.8,3.2,1.4,-14.6,2019-20
4107,Joe Chealey,5217,24,193.04,86.18248,4,0.5,0,0.3,-23.4,2019-20
4110,Joe Harris,5211,28,198.12,99.79024,69,14.5,4.3,2.1,0.9,2019-20
4113,Joe Ingles,5299,32,200.66,99.79024,72,9.8,3.9,5.2,5.1,2019-20
4117,Joel Embiid,5279,26,213.36,127.00576,51,23,11.6,3,5.2,2019-20
4120,John Collins,5207,22,205.74,106.59412,41,21.6,10.1,1.5,-5.1,2019-20
4123,John Henson,5233,29,205.74,99.336648,40,5.5,4.1,1.4,-0.7,2019-20
4126,John Konchar,5253,24,195.58,95.25432,19,2.8,2.5,1.2,4.9,2019-20
4133,Johnathan Motley,5246,25,203.2,104.32616,13,2.2,0.8,0.6,5.7,2019-20
4136,Johnathan Williams,5302,25,205.74,103.418976,15,3,4.3,0.5,-11.6,2019-20
4139,Jonah Bolden,5282,24,203.2,102.0582,7,1.4,1.3,0,-3.2,2019-20
4143,Jonas Valanciunas,5253,28,210.82,120.20188,70,14.9,11.3,1.9,0.3,2019-20
4146,Jonathan Isaac,5276,22,210.82,104.32616,34,11.9,6.8,1.4,0.7,2019-20
4153,Jordan Bell,5224,25,203.2,97.975872,29,3.2,2.8,0.6,-1.6,2019-20
4156,Jordan Bone,5233,22,190.5,81.64656,10,1.2,0.4,0.8,-2.9,2019-20
4159,Jordan Clarkson,5299,28,193.04,87.996848,71,15.2,2.6,1.9,-0.5,2019-20
4058,Jaylen Brown,5214,23,198.12,101.151016,57,20.3,6.4,2.1,6.9,2019-20
3917,Ish Smith,5302,31,182.88,79.3786,68,10.9,3.2,4.9,-3.9,2019-20
4048,Jaxson Hayes,5266,20,210.82,99.79024,64,7.4,4,0.9,-1.8,2019-20
4041,Jarrod Uthoff,5302,27,205.74,99.79024,7,2.7,0.9,0,8.1,2019-20
3924,J.J. Barea,5227,36,177.8,81.64656,29,7.7,1.8,3.9,2.9,2019-20
3927,J.P. Macura,5224,25,193.04,92.079176,1,0,0,0,150,2019-20
3930,JJ Redick,5266,36,190.5,90.7184,60,15.3,2.5,2,-1,2019-20
3934,JR Smith,5250,34,198.12,99.79024,6,2.8,0.8,0.5,-16.7,2019-20
3937,Ja Morant,5253,20,190.5,78.925008,67,17.8,3.9,7.3,-0.6,2019-20
3940,JaKarr Sampson,5243,27,200.66,97.068688,34,4.6,2.6,0.6,1.9,2019-20
3944,JaMychal Green,5246,30,203.2,102.965384,63,6.8,6.2,0.8,5,2019-20
3947,JaVale McGee,5250,32,213.36,122.46984,68,6.6,5.7,0.5,5.8,2019-20
3950,Jabari Parker,5289,25,203.2,111.13004,38,14,5.6,1.8,-4.9,2019-20
3953,Jacob Evans,5263,23,193.04,95.25432,29,4.4,1.4,1.1,-11,2019-20
3960,Jae Crowder,5256,29,198.12,106.59412,65,10.5,5.9,2.5,-2.9,2019-20
3966,Jahlil Okafor,5266,24,208.28,122.46984,30,8.1,4.2,1.2,-10.1,2019-20
3973,Jake Layman,5263,26,203.2,94.800728,23,9.1,2.5,0.7,2,2019-20
3976,Jakob Poeltl,5292,24,215.9,111.13004,66,5.6,5.7,1.8,5.7,2019-20
3979,Jalen Brunson,5227,23,185.42,86.18248,57,8.2,2.4,3.3,7.6,2019-20
3986,Jalen Lecque,5282,20,193.04,83.91452,5,2,0.4,0.4,-20.2,2019-20
3989,Jalen McDaniels,5217,22,208.28,92.98636,16,5.6,4.1,0.8,-3.6,2019-20
3996,Jamal Crawford,5211,40,195.58,90.7184,1,5,0,3,26.7,2019-20
3999,Jamal Murray,5230,23,193.04,97.52228,59,18.5,4,4.8,5.3,2019-20
4002,James Ennis III,5276,29,198.12,97.52228,69,6.6,3.6,0.9,0.1,2019-20
4006,James Harden,5240,30,195.58,99.79024,68,34.3,6.6,7.5,5.8,2019-20
4009,James Johnson,5263,33,200.66,108.86208,32,8.4,3.7,2.3,-4.6,2019-20
4019,Jared Dudley,5250,34,198.12,107.501304,45,1.5,1.2,0.6,3.3,2019-20
4022,Jared Harper,5269,22,177.8,79.3786,3,0.7,0,0,-61.1,2019-20
4025,Jaren Jackson Jr.,5253,20,210.82,109.769264,57,17.4,4.6,1.4,-2.6,2019-20
4028,Jarred Vanderbilt,5263,21,205.74,97.068688,11,1.1,0.8,0.2,-23.4,2019-20
4032,Jarrell Brantley,5299,24,195.58,113.398,9,2.7,2.2,1.2,-17,2019-20
4035,Jarrett Allen,5211,22,210.82,110.222856,70,11.1,9.6,1.6,0.9,2019-20
4038,Jarrett Culver,5263,21,198.12,88.45044,63,9.2,3.4,1.7,-3.3,2019-20
4045,Javonte Green,5214,26,193.04,92.98636,48,3.4,1.9,0.5,-2.6,2019-20
3663,Dillon Brooks,5253,24,200.66,102.0582,73,16.2,3.3,2.1,-0.3,2019-20
3656,Dewayne Dedmon,5207,30,213.36,111.13004,44,5.8,5.7,0.5,-0.7,2019-20
3653,Dewan Hernandez,5295,23,208.28,106.59412,6,2.3,2.3,0.5,17.2,2019-20
3281,Bismack Biyombo,5217,27,203.2,115.66596,53,7.4,5.8,0.9,-6.6,2019-20
3284,Blake Griffin,5233,31,205.74,113.398,18,15.5,4.7,3.3,-2.6,2019-20
3287,Boban Marjanovic,5227,31,223.52,131.54168,44,6.6,4.5,0.5,5.5,2019-20
3290,Bobby Portis,5269,25,208.28,113.398,66,10.1,5.1,1.5,-7.9,2019-20
3294,Bogdan Bogdanovic,5289,27,198.12,99.79024,61,15.1,3.4,3.4,-1.7,2019-20
3297,Bojan Bogdanovic,5299,31,203.2,102.511792,63,20.2,4.1,2.1,5.5,2019-20
3300,Bol Bol,5230,20,218.44,99.79024,7,5.7,2.7,0.9,-9.8,2019-20
3303,Brad Wanamaker,5214,30,190.5,95.25432,71,6.9,2,2.5,5,2019-20
3307,Bradley Beal,5302,27,190.5,93.893544,57,30.5,4.2,6.1,-4.5,2019-20
3310,Brandon Clarke,5253,23,203.2,97.52228,58,12.1,5.9,1.4,-0.1,2019-20
3313,Brandon Goodwin,5207,24,182.88,81.64656,34,6.1,2.1,1.5,-13.8,2019-20
3317,Brandon Ingram,5266,22,200.66,86.18248,62,23.8,6.1,4.2,-1.3,2019-20
3320,Brandon Knight,5233,28,187.96,82.553744,25,7.3,1.6,2.8,-7.6,2019-20
3323,Brian Bowen II,5243,21,198.12,86.18248,6,1,1.2,0,15.7,2019-20
3330,Brook Lopez,5260,32,213.36,127.912944,68,12,4.6,1.5,12,2019-20
3333,Bruce Brown,5233,23,193.04,91.625584,58,8.9,4.7,4,-4.3,2019-20
3336,Bruno Caboclo,5240,24,205.74,98.883056,30,3,2,0.4,-5.1,2019-20
3339,Bruno Fernando,5207,21,205.74,108.86208,56,4.3,3.5,0.9,-5.6,2019-20
3343,Bryn Forbes,5292,26,187.96,92.98636,63,11.2,2,1.7,-6.8,2019-20
3346,Buddy Hield,5289,27,193.04,99.79024,72,19.2,4.6,3,-3.1,2019-20
3352,CJ McCollum,5286,28,190.5,86.18248,70,22.2,4.2,4.4,0.5,2019-20
3356,CJ Miles,5302,33,198.12,99.79024,10,6.4,1.2,1.2,-1.3,2019-20
3359,Caleb Martin,5217,24,195.58,92.98636,18,6.2,2.1,1.3,0.8,2019-20
3362,Caleb Swanigan,5286,23,205.74,117.93392,27,2.4,3.7,1.1,-6.5,2019-20
3366,Cam Reddish,5207,20,203.2,98.883056,58,10.5,3.7,1.5,-6.3,2019-20
3369,Cameron Johnson,5282,24,203.2,95.25432,57,8.8,3.3,1.2,1,2019-20
3375,Cameron Payne,5282,25,185.42,83.007336,8,10.9,3.9,3,23.1,2019-20
3382,Caris LeVert,5211,25,198.12,92.98636,45,18.7,4.2,4.4,0.2,2019-20
3385,Carmelo Anthony,5286,36,203.2,107.954896,58,15.4,6.3,1.5,0.6,2019-20
3277,Ben Simmons,5279,23,208.28,108.86208,57,16.4,7.8,8,1.7,2019-20
3388,Carsen Edwards,5214,22,180.34,90.7184,37,3.3,1.3,0.6,-5.5,2019-20
3274,Ben McLemore,5240,27,190.5,88.45044,71,10.1,2.2,0.8,5,2019-20
3268,BJ Johnson,5276,24,200.66,90.7184,10,3,1.5,0.3,-8.1,2019-20
3140,Aaron Holiday,5243,23,182.88,83.91452,66,9.5,2.4,3.4,2.2,2019-20
3147,Abdel Nader,5273,26,195.58,102.0582,55,6.3,1.8,0.7,-4.2,2019-20
3150,Adam Mokoka,5220,21,195.58,86.18248,11,2.9,0.9,0.4,17.1,2019-20
3153,Admiral Schofield,5302,23,195.58,109.315672,33,3,1.4,0.5,-7.1,2019-20
3157,Al Horford,5279,34,205.74,108.86208,67,11.9,6.8,4,3.3,2019-20
3160,Al-Farouq Aminu,5276,29,203.2,99.79024,18,4.3,4.8,1.2,-5.4,2019-20
3163,Alec Burks,5279,28,198.12,97.068688,66,15,4.3,2.9,-6.3,2019-20
3170,Alen Smailagic,5237,19,208.28,97.52228,14,4.2,1.9,0.9,-3,2019-20
3173,Alex Caruso,5250,26,195.58,84.368112,64,5.5,1.9,1.9,9.8,2019-20
3176,Alex Len,5289,27,213.36,113.398,55,8,5.8,0.9,-5.4,2019-20
3179,Alfonzo McKinnie,5224,27,200.66,97.52228,40,4.6,2.8,0.4,-7.4,2019-20
3183,Alize Johnson,5243,24,200.66,96.161504,17,2,2.8,0.4,8.9,2019-20
3186,Allen Crabbe,5263,28,195.58,96.161504,37,4.6,2.1,0.9,-15,2019-20
3189,Allonzo Trier,5269,24,193.04,90.7184,24,6.5,1.2,1.2,-11.1,2019-20
3196,Amile Jefferson,5276,27,205.74,100.697424,18,0.8,1.3,0.2,8.5,2019-20
3199,Amir Coffey,5246,23,200.66,95.25432,18,3.2,0.9,0.8,-0.5,2019-20
3206,Andre Drummond,5224,26,208.28,126.552168,57,17.7,15.2,2.7,-5,2019-20
3209,Andre Iguodala,5256,36,198.12,97.52228,21,4.6,3.7,2.4,-1.9,2019-20
3212,Andre Roberson,5273,28,200.66,95.25432,7,2.9,3.9,0.6,-1.1,2019-20
3215,Andrew Wiggins,5237,25,200.66,89.357624,54,21.8,5.1,3.7,-5.1,2019-20
3219,Anfernee Simons,5286,21,190.5,82.100152,70,8.3,2.2,1.4,-7.6,2019-20
3222,Ante Zizic,5224,23,208.28,120.655472,22,4.4,3,0.3,1.3,2019-20
3225,Anthony Davis,5250,27,208.28,114.758776,62,26.1,9.3,3.2,5,2019-20
3238,Anthony Tolliver,5253,35,203.2,108.86208,55,3.6,2.8,0.8,-6,2019-20
3241,Antonius Cleveland,5227,26,195.58,88.45044,11,1,0.6,0.1,-7.8,2019-20
3245,Anzejs Pasecniks,5302,24,218.44,103.872568,27,5.8,4,0.7,0.2,2019-20
3251,Aron Baynes,5282,33,208.28,117.93392,42,11.5,5.6,1.6,-1.5,2019-20
3258,Austin Rivers,5240,27,190.5,90.7184,68,8.8,2.6,1.7,2.6,2019-20
3261,Avery Bradley,5250,29,190.5,81.64656,49,8.6,2.3,1.3,7.4,2019-20
3271,Bam Adebayo,5256,22,205.74,115.66596,72,15.9,10.2,5.1,5,2019-20
3398,Cedi Osman,5224,25,200.66,104.32616,65,11,3.6,2.4,-9,2019-20
3401,Chandler Hutchison,5220,24,200.66,95.25432,28,7.8,3.9,0.9,-11.9,2019-20
3405,Chandler Parsons,5207,31,205.74,104.32616,5,2.8,1.4,0.6,-29,2019-20
3532,Darius Bazley,5273,20,203.2,94.347136,61,5.6,4,0.7,-3.2,2019-20
3535,Darius Garland,5224,20,185.42,87.089664,59,12.3,1.9,3.9,-8.7,2019-20
3542,Daryl Macon,5256,24,187.96,83.91452,4,0.8,0,0.3,7.6,2019-20
3545,David Nwaba,5240,27,195.58,99.336648,20,5.2,2.3,0.4,7.2,2019-20
3548,Davis Bertans,5302,27,208.28,102.0582,54,15.4,4.5,1.7,-0.3,2019-20
3552,De'Aaron Fox,5289,22,190.5,83.91452,51,21.1,3.8,6.8,-4,2019-20
3555,De'Andre Hunter,5207,22,200.66,102.0582,63,12.3,4.5,1.8,-5.5,2019-20
3558,De'Anthony Melton,5253,22,187.96,90.7184,60,7.6,3.7,2.9,5.1,2019-20
3561,DeAndre Jordan,5211,31,210.82,120.20188,56,8.3,10,1.9,-1.8,2019-20
3565,DeAndre' Bembry,5207,25,195.58,95.25432,43,5.8,3.5,1.9,-11.8,2019-20
3568,DeMar DeRozan,5292,30,198.12,99.79024,68,22.1,5.5,5.6,-1.8,2019-20
3575,DeMarre Carroll,5240,33,198.12,97.52228,24,3.6,2.3,1,0,2019-20
3578,Dean Wade,5224,23,205.74,103.418976,12,1.7,1.6,0.2,-6.5,2019-20
3581,Deandre Ayton,5282,21,210.82,113.398,38,18.2,11.5,1.9,4,2019-20
3588,Dejounte Murray,5292,23,193.04,81.64656,66,10.9,5.8,4.1,-4.2,2019-20
3591,Delon Wright,5227,28,195.58,83.91452,73,6.9,3.8,3.3,1.7,2019-20
3597,Dennis Schroder,5273,26,185.42,78.017824,65,18.9,3.6,4,5.5,2019-20
3601,Dennis Smith Jr.,5269,22,187.96,92.98636,34,5.5,2.3,2.9,-17.1,2019-20
3604,Denzel Valentine,5220,26,193.04,99.79024,36,6.8,2.1,1.2,-5,2019-20
3607,Deonte Burton,5273,26,193.04,108.86208,39,2.7,1.5,0.4,-12.7,2019-20
3610,Derrick Favors,5266,28,205.74,120.20188,51,9,9.8,1.6,4.2,2019-20
3614,Derrick Jones Jr.,5256,23,198.12,95.25432,59,8.5,3.9,1.1,-0.5,2019-20
3617,Derrick Rose,5233,31,187.96,90.7184,50,18.1,2.4,5.6,-3.4,2019-20
3620,Derrick Walton Jr.,5233,25,182.88,83.91452,26,2,0.6,1,-0.9,2019-20
3623,Derrick White,5292,25,193.04,86.18248,68,11.3,3.3,3.5,1,2019-20
3630,Devin Booker,5282,23,195.58,93.439952,70,26.6,4.2,6.5,2.7,2019-20
3643,Devon Hall,5273,24,195.58,97.52228,11,1.8,0.6,1.2,3.8,2019-20
3646,Devontae Cacok,5250,23,203.2,108.86208,1,6,5,1,22.7,2019-20
3650,Devonte' Graham,5217,25,185.42,88.45044,63,18.2,3.4,7.5,-4.5,2019-20
3529,Dario Saric,5282,26,208.28,102.0582,66,10.7,6.2,1.9,-1.2,2019-20
3526,Danuel House Jr.,5240,27,198.12,99.79024,63,10.5,4.2,1.3,3.3,2019-20
3522,Dante Exum,5224,24,195.58,97.068688,35,4.5,1.9,1.1,-8.8,2019-20
3519,Danny Green,5250,33,198.12,97.52228,68,8,3.3,1.3,6.4,2019-20
3408,Charlie Brown Jr.,5207,23,198.12,90.264808,10,2,0.4,0.2,33.9,2019-20
3411,Chasson Randle,5237,27,187.96,83.91452,3,1.7,0.7,1.7,-2,2019-20
3414,Cheick Diallo,5282,23,203.2,99.336648,47,4.7,2.8,0.5,-3.8,2019-20
3418,Chimezie Metu,5292,23,205.74,102.0582,18,3.2,1.8,0.6,-6.7,2019-20
3421,Chris Boucher,5295,27,205.74,90.7184,62,6.6,4.5,0.4,5.7,2019-20
3424,Chris Chiozza,5211,24,180.34,79.3786,28,5.1,1.9,3,9.3,2019-20
3428,Chris Clemons,5240,22,175.26,81.64656,33,4.9,0.9,0.8,-8.8,2019-20
3431,Chris Paul,5273,35,185.42,79.3786,70,17.6,5,6.7,6.9,2019-20
3434,Chris Silva,5256,23,203.2,106.140528,44,3,2.9,0.5,-6,2019-20
3437,Christian Wood,5233,24,208.28,97.068688,62,13.1,6.3,1,2,2019-20
3444,Clint Capela,5207,26,208.28,108.86208,39,13.9,13.8,1.2,2.5,2019-20
3447,Coby White,5220,20,193.04,88.45044,65,13.2,3.5,2.7,-4.4,2019-20
3450,Cody Martin,5217,24,195.58,92.98636,48,5,3.3,2,-3.2,2019-20
3454,Cody Zeller,5217,27,213.36,108.86208,58,11.1,7.1,1.5,-8.3,2019-20
4166,Jordan McRae,5233,29,195.58,81.192968,37,11.5,3.4,2.5,-4.1,2019-20
3460,Collin Sexton,5224,21,185.42,86.18248,65,20.8,3.1,3,-9.2,2019-20
3467,Cory Joseph,5289,28,190.5,90.7184,72,6.4,2.6,3.5,-0.3,2019-20
3470,Courtney Lee,5227,34,195.58,97.52228,24,4.5,1.3,0.5,6.7,2019-20
3473,Cristiano Felicio,5220,27,208.28,122.46984,22,3.9,4.6,0.7,-7.7,2019-20
3477,D'Angelo Russell,5263,24,193.04,87.543256,45,23.1,3.9,6.3,-8.1,2019-20
3480,D.J. Augustin,5276,32,180.34,83.007336,57,10.5,2.1,4.6,1.5,2019-20
3483,D.J. Wilson,5260,24,208.28,104.779752,37,3.6,2.5,0.7,-6.3,2019-20
3486,DaQuan Jeffries,5289,22,195.58,104.32616,13,3.8,1.4,0.5,3,2019-20
3493,Damian Jones,5207,25,210.82,111.13004,55,5.6,3.7,0.6,-12.6,2019-20
3496,Damian Lillard,5286,29,187.96,88.45044,66,30,4.3,8,1.4,2019-20
3499,Damion Lee,5237,27,195.58,95.25432,49,12.7,4.9,2.7,-4.1,2019-20
3503,Damyean Dotson,5269,26,195.58,95.25432,48,6.7,1.9,1.2,-5.3,2019-20
3506,Daniel Gafford,5220,21,208.28,106.140528,43,5.1,2.5,0.5,-1.9,2019-20
3512,Daniel Theis,5214,28,203.2,111.13004,65,9.2,6.6,1.7,7,2019-20
3516,Danilo Gallinari,5273,31,208.28,105.686936,62,18.7,5.2,1.9,5.7,2019-20
3463,Corey Brewer,5289,34,205.74,85.275296,5,1,1.6,0.4,11.2,2019-20
4172,Jordan Poole,5237,21,193.04,87.996848,57,8.8,2.1,2.4,-8.2,2019-20
3137,Aaron Gordon,5276,24,203.2,106.59412,62,14.4,7.7,3.7,-1.2,2019-20
4185,Josh Hart,5266,25,195.58,97.52228,65,10.1,6.5,1.7,-3.1,2019-20
4835,Rondae Hollis-Jefferson,5295,25,198.12,98.429464,60,7,4.7,1.8,4.2,2019-20
4838,Royce O'Neale,5299,27,193.04,102.511792,71,6.3,5.5,2.5,5.2,2019-20
4842,Rudy Gay,5292,33,203.2,113.398,67,10.8,5.4,1.7,0.2,2019-20
4845,Rudy Gobert,5299,28,215.9,117.026736,68,15.1,13.5,1.5,6.2,2019-20
4848,Rui Hachimura,5302,22,203.2,104.32616,48,13.5,6.1,1.8,-8.2,2019-20
4851,Russell Westbrook,5240,31,190.5,90.7184,57,27.2,7.9,7,3.1,2019-20
4855,Ryan Anderson,5240,32,205.74,108.86208,2,2.5,3.5,1,21.2,2019-20
4858,Ryan Arcidiacono,5220,26,190.5,88.45044,58,4.5,1.9,1.7,-4,2019-20
4861,Ryan Broekhoff,5279,29,198.12,97.52228,17,4.2,2.5,0.6,2.1,2019-20
4877,Sekou Doumbouya,5233,19,203.2,104.32616,38,6.4,3.1,0.5,-10.8,2019-20
4881,Semi Ojeleye,5214,25,198.12,108.86208,69,3.4,2.1,0.5,-1.5,2019-20
4884,Serge Ibaka,5295,30,213.36,106.59412,55,15.4,8.2,1.4,3.1,2019-20
4887,Seth Curry,5227,29,187.96,83.91452,64,12.4,2.3,1.9,3.4,2019-20
4891,Shabazz Napier,5302,28,182.88,79.3786,56,10.3,2.8,4.7,-3.6,2019-20
4894,Shai Gilgeous-Alexander,5273,21,195.58,81.64656,70,19,5.9,3.3,3.5,2019-20
4897,Shake Milton,5279,23,195.58,92.98636,40,9.4,2.2,2.6,0.1,2019-20
4900,Shamorie Ponds,5295,22,182.88,79.3786,4,2.3,0.3,0.5,-5.5,2019-20
4904,Shaquille Harrison,5220,26,200.66,86.18248,43,4.9,2,1.1,6.8,2019-20
4907,Sindarius Thornwell,5266,25,193.04,97.52228,2,8,2,2,-7.4,2019-20
4910,Skal Labissiere,5207,24,208.28,106.59412,33,5.8,5.1,1.3,1.3,2019-20
4917,Solomon Hill,5256,29,198.12,102.511792,59,5.5,2.8,1.8,-2.1,2019-20
4920,Spencer Dinwiddie,5211,27,195.58,97.52228,64,20.6,3.5,6.8,1.1,2019-20
4923,Stanley Johnson,5295,24,198.12,109.769264,25,2.4,1.5,0.8,4.8,2019-20
4926,Stanton Kidd,5299,28,198.12,97.975872,4,0,0.8,0.3,2.3,2019-20
4930,Stephen Curry,5237,32,190.5,83.91452,5,20.8,5.2,6.6,-15.3,2019-20
4933,Sterling Brown,5260,25,195.58,99.336648,52,5.1,3.5,1,2.4,2019-20
4936,Steven Adams,5273,26,210.82,120.20188,63,10.9,9.3,2.3,4.4,2019-20
4940,Svi Mykhailiuk,5233,23,200.66,92.98636,56,9,1.9,1.9,-0.6,2019-20
4943,T.J. Leaf,5243,23,208.28,100.697424,28,3,2.5,0.3,0.2,2019-20
4832,Romeo Langford,5214,20,193.04,97.975872,32,2.5,1.3,0.4,8.9,2019-20
4946,T.J. McConnell,5243,28,185.42,86.18248,71,6.5,2.7,5,1.1,2019-20
4828,Rodney McGruder,5246,28,193.04,92.98636,56,3.3,2.7,0.6,0.8,2019-20
4822,Rodions Kurucs,5211,22,205.74,103.418976,47,4.6,2.9,1.1,-1.4,2019-20
4691,OG Anunoby,5295,22,200.66,105.233344,69,10.6,5.3,1.6,6.2,2019-20
4698,Omari Spellman,5263,22,203.2,111.13004,49,7.6,4.5,1,-8.5,2019-20
4704,Oshae Brissett,5295,22,200.66,95.25432,19,1.9,1.4,0.4,11.6,2019-20
4708,Otto Porter Jr.,5220,27,203.2,89.811216,14,11.9,3.4,1.8,3.2,2019-20
4711,P.J. Tucker,5240,35,195.58,111.13004,72,6.9,6.6,1.6,3,2019-20
4714,P.J. Washington,5217,21,200.66,104.32616,58,12.2,5.4,2.1,-6.3,2019-20
4717,PJ Dozier,5230,23,198.12,92.98636,29,5.8,1.9,2.2,-5.7,2019-20
4721,Pascal Siakam,5295,26,205.74,104.32616,60,22.9,7.3,3.5,8.8,2019-20
4724,Pat Connaughton,5260,27,195.58,94.800728,67,5.4,4.2,1.6,3.5,2019-20
4727,Patrick Beverley,5246,31,185.42,81.64656,51,7.9,5.2,3.6,10.2,2019-20
4731,Patrick McCaw,5295,24,200.66,82.100152,37,4.6,2.3,2.1,0.6,2019-20
4734,Patrick Patterson,5246,31,203.2,106.59412,59,4.9,2.6,0.7,2.5,2019-20
4740,Patty Mills,5292,31,185.42,81.64656,66,11.6,1.6,1.8,4.1,2019-20
4744,Paul George,5246,30,203.2,99.79024,48,21.5,5.7,3.9,8.7,2019-20
4747,Paul Millsap,5230,35,200.66,116.573144,51,11.6,5.7,1.6,9.3,2019-20
4753,Paul Watson,5295,25,198.12,95.25432,10,3.1,1.7,0.8,16.3,2019-20
4763,Quinn Cook,5250,27,185.42,81.64656,44,5.1,1.2,1.1,4.5,2019-20
4766,Quinndary Weatherspoon,5292,23,190.5,92.98636,11,1.1,0.6,1,-13.7,2019-20
4773,RJ Barrett,5269,20,198.12,97.068688,56,14.3,5,2.6,-9.1,2019-20
4776,Rajon Rondo,5250,34,185.42,81.64656,48,7.1,3,5,1.4,2019-20
4780,Raul Neto,5279,28,185.42,81.64656,54,5.1,1.1,1.8,2.8,2019-20
4786,Rayjon Tucker,5299,22,190.5,94.800728,20,3.1,1,0.3,-6.9,2019-20
4789,Reggie Bullock,5269,29,198.12,92.98636,29,8.1,2.3,1.4,-5.8,2019-20
4793,Reggie Jackson,5246,30,190.5,94.347136,31,11.9,3,4.1,6.7,2019-20
4799,Richaun Holmes,5289,26,208.28,106.59412,44,12.3,8.1,1,1.2,2019-20
4802,Ricky Rubio,5282,29,190.5,86.18248,65,13,4.7,8.8,4,2019-20
4806,Robert Covington,5240,29,200.66,94.800728,70,12.4,6.6,1.3,0.9,2019-20
4812,Robert Williams III,5214,22,203.2,107.501304,29,5.2,4.4,0.9,6.1,2019-20
4819,Robin Lopez,5260,32,213.36,127.459352,66,5.4,2.4,0.7,0.6,2019-20
4825,Rodney Hood,5286,27,203.2,94.347136,21,11,3.4,1.5,0.6,2019-20
4949,T.J. Warren,5243,26,203.2,99.79024,67,19.8,4.2,1.5,2.7,2019-20
4953,Tacko Fall,5214,24,226.06,141.067112,7,3.3,2.1,0.1,12.7,2019-20
4956,Taj Gibson,5269,35,205.74,105.233344,62,6.1,4.3,0.8,-12.5,2019-20
5086,Tyler Johnson,5211,28,190.5,84.368112,39,7,1.9,1.9,-5.7,2019-20
5090,Tyler Zeller,5292,30,210.82,113.398,2,1,2,0,33.3,2019-20
5103,Tyrone Wallace,5207,26,195.58,89.811216,14,2.9,1.6,0.9,-8.3,2019-20
5106,Tyson Chandler,5240,37,213.36,106.59412,26,1.3,2.5,0.2,5.7,2019-20
5109,Tyus Jones,5253,24,182.88,88.904032,65,7.4,1.6,4.4,-2.3,2019-20
5116,Udonis Haslem,5256,40,203.2,106.59412,4,3,4,0.3,-20.2,2019-20
5122,Vic Law,5276,24,200.66,91.171992,8,1.9,1.4,0.4,-9.7,2019-20
5126,Victor Oladipo,5243,28,193.04,96.615096,19,14.5,3.9,2.9,-1.1,2019-20
5129,Vince Carter,5207,43,198.12,99.79024,60,5,2.1,0.8,-8.1,2019-20
5132,Vincent Poirier,5214,26,213.36,106.59412,22,1.9,2,0.4,-6.5,2019-20
5135,Vlatko Cancar,5230,23,203.2,107.047712,14,1.2,0.7,0.2,-6,2019-20
5139,Wayne Ellington,5269,32,193.04,93.893544,36,5.1,1.8,1.2,-3.1,2019-20
5142,Wendell Carter Jr.,5220,21,205.74,122.46984,43,11.3,9.4,1.2,-0.5,2019-20
5145,Wenyen Gabriel,5286,23,205.74,92.98636,30,2.1,1.7,0.3,-7.2,2019-20
5149,Wes Iwundu,5276,25,198.12,88.45044,52,5.8,2.5,1.2,-0.5,2019-20
5152,Wesley Matthews,5260,33,193.04,99.79024,67,7.4,2.5,1.4,12.2,2019-20
5155,Will Barton,5230,29,195.58,82.100152,58,15.1,6.3,3.7,5.8,2019-20
5162,William Howard,5240,26,203.2,93.893544,2,0,1,0.5,-51.3,2019-20
5165,Willie Cauley-Stein,5227,26,213.36,108.86208,54,7.2,5.8,1.3,-5.5,2019-20
5168,Willy Hernangomez,5217,26,210.82,113.398,31,6.1,4.3,0.9,-2.6,2019-20
5171,Wilson Chandler,5211,33,203.2,106.59412,35,5.9,4.1,1.1,-6.4,2019-20
5178,Yogi Ferrell,5289,27,182.88,80.739376,50,4.4,1,1.4,-1.8,2019-20
5181,Yuta Watanabe,5253,25,203.2,97.52228,18,2,1.1,0.3,4,2019-20
5184,Zach Collins,5286,22,210.82,113.398,11,7,6.3,1.5,6.5,2019-20
5188,Zach LaVine,5220,25,198.12,90.7184,60,25.5,4.8,4.2,-4.4,2019-20
5191,Zach Norvell Jr.,5237,22,195.58,92.98636,5,2,1.2,0.6,-32.3,2019-20
5198,Zhaire Smith,5279,21,190.5,92.98636,7,1.1,0.3,0.3,-12.3,2019-20
5201,Zion Williamson,5266,19,198.12,128.820128,24,22.5,6.3,2.1,5.1,2019-20
5204,Zylan Cheatham,5266,24,195.58,99.79024,4,3,2.3,0.8,-23.9,2019-20
5083,Tyler Herro,5256,20,195.58,88.45044,55,13.5,4.1,2.2,-1.7,2019-20
5080,Tyler Cook,5230,22,203.2,115.66596,13,1.8,1.1,0.1,-9.8,2019-20
5070,Ty Jerome,5282,22,195.58,88.45044,31,3.3,1.5,1.4,-13.5,2019-20
5067,Troy Daniels,5230,28,193.04,90.7184,47,4.3,1.1,0.4,0.4,2019-20
4959,Talen Horton-Tucker,5250,19,193.04,106.140528,6,5.7,1.2,1,-9.5,2019-20
4962,Tariq Owens,5282,25,208.28,92.98636,3,1.3,1,0,-43.4,2019-20
4966,Taurean Prince,5211,26,200.66,98.883056,64,12.1,6,1.8,1.3,2019-20
4969,Terance Mann,5246,23,195.58,97.52228,41,2.4,1.3,1.3,0.1,2019-20
4972,Terence Davis,5295,23,193.04,91.171992,72,7.5,3.3,1.6,7.9,2019-20
4975,Terrance Ferguson,5273,22,198.12,86.18248,56,3.9,1.3,0.9,-4,2019-20
4979,Terrence Ross,5276,29,198.12,93.439952,69,14.7,3.2,1.2,-2.5,2019-20
4982,Terry Rozier,5217,26,185.42,86.18248,63,18,4.4,4.1,-9,2019-20
4985,Thabo Sefolosha,5240,36,198.12,97.52228,41,2.2,2.3,0.6,3.9,2019-20
4989,Thaddeus Young,5220,32,203.2,106.59412,64,10.3,4.9,1.8,-6.2,2019-20
4992,Thanasis Antetokounmpo,5260,27,198.12,99.336648,20,2.8,1.2,0.8,-6.8,2019-20
4998,Theo Pinson,5269,24,195.58,96.161504,33,3.6,1.6,1.7,-4.6,2019-20
5002,Thomas Bryant,5302,22,208.28,112.490816,46,13.2,7.2,1.8,-6.6,2019-20
5005,Thon Maker,5233,23,213.36,100.243832,60,4.7,2.8,0.7,-8,2019-20
4175,Josh Gray,5266,26,182.88,81.64656,2,1,1,1,-14.9,2019-20
5008,Tim Frazier,5233,29,182.88,77.11064,27,3.6,1.2,3.4,-6.9,2019-20
5015,Timothe Luwawu-Cabarrot,5211,25,200.66,99.79024,47,7.8,2.7,0.6,-1.3,2019-20
5018,Tobias Harris,5279,27,203.2,102.511792,72,19.6,6.9,3.2,3.1,2019-20
5021,Tomas Satoransky,5220,28,200.66,95.25432,65,9.9,3.9,5.4,-1.5,2019-20
5024,Tony Bradley,5299,22,208.28,112.490816,58,4.9,4.6,0.4,0.1,2019-20
5028,Tony Snell,5233,28,198.12,96.615096,59,8,1.9,2.2,-5.5,2019-20
5031,Torrey Craig,5230,29,200.66,100.243832,58,5.4,3.3,0.8,-5.7,2019-20
5034,Trae Young,5207,21,185.42,81.64656,60,29.6,4.3,9.3,-4.9,2019-20
5041,Tremont Waters,5214,22,177.8,79.3786,11,3.6,1.1,1.5,8.4,2019-20
5047,Treveon Graham,5207,26,195.58,99.336648,55,4.4,2.7,0.8,-6.2,2019-20
5051,Trevor Ariza,5286,35,203.2,97.52228,53,8,4.6,1.7,-0.3,2019-20
5054,Trey Burke,5227,27,182.88,83.91452,33,7.4,1.5,2.5,2,2019-20
5057,Trey Lyles,5292,24,205.74,106.140528,63,6.4,5.7,1.1,-2.4,2019-20
5060,Tristan Thompson,5224,29,205.74,115.212368,57,12,10.1,2.1,-10.1,2019-20
5064,Troy Brown Jr.,5302,20,198.12,97.52228,69,10.4,5.6,2.6,-5.5,2019-20
5011,Tim Hardaway Jr.,5227,28,195.58,92.98636,71,15.8,3.3,1.9,5.9,2019-20
4685,Norman Powell,5295,27,190.5,97.52228,52,16,3.7,1.8,4.6,2019-20
4688,Norvel Pelle,5279,27,208.28,104.779752,24,2.4,3,0.3,-15.7,2019-20
4678,Nikola Vucevic,5276,29,210.82,117.93392,62,19.6,10.9,3.6,0.9,2019-20
4309,Kevin Hervey,5273,23,205.74,104.32616,10,1.7,1.2,0.5,-28.9,2019-20
4313,Kevin Huerter,5207,21,200.66,86.18248,56,12.2,4.1,3.8,-6.1,2019-20
4316,Kevin Knox II,5269,20,200.66,97.52228,65,6.4,2.8,0.9,-7.3,2019-20
4319,Kevin Love,5224,31,203.2,113.851592,56,17.6,9.8,3.2,-8,2019-20
4322,Kevin Porter Jr.,5224,20,193.04,92.079176,50,10,3.2,2.2,-11.2,2019-20
4326,Kevon Looney,5237,24,205.74,100.697424,20,3.4,3.3,1,-18.3,2019-20
4329,Khem Birch,5276,27,205.74,105.686936,48,4.4,4.6,1,-7.1,2019-20
4332,Khris Middleton,5260,28,200.66,100.697424,62,20.9,6.2,4.3,12.4,2019-20
4335,Khyri Thomas,5233,24,190.5,95.25432,8,2.1,0.1,0.4,-28.7,2019-20
4348,Kostas Antetokounmpo,5250,22,208.28,90.7184,5,1.4,0.6,0.4,19.6,2019-20
4352,Kris Dunn,5220,26,190.5,92.98636,51,7.3,3.6,3.4,-0.1,2019-20
4355,Kristaps Porzingis,5227,24,220.98,108.86208,57,20.4,9.5,1.8,6.9,2019-20
4358,Ky Bowman,5237,23,185.42,84.821704,45,7.4,2.7,2.9,-8.4,2019-20
4362,Kyle Alexander,5256,23,208.28,97.975872,2,1,1.5,0,-6.7,2019-20
4365,Kyle Anderson,5253,26,205.74,104.32616,67,5.8,4.3,2.4,-3,2019-20
4368,Kyle Guy,5289,22,185.42,75.749864,3,1.3,0.3,0.3,-45.8,2019-20
4371,Kyle Korver,5260,39,200.66,96.161504,58,6.7,2.1,1.2,5.4,2019-20
4375,Kyle Kuzma,5250,24,203.2,100.243832,61,12.8,4.5,1.3,4.9,2019-20
4378,Kyle Lowry,5295,34,182.88,88.904032,58,19.4,5,7.5,6,2019-20
4381,Kyle O'Quinn,5279,30,205.74,113.398,29,3.5,4,1.8,-4.9,2019-20
4384,Kyrie Irving,5211,28,187.96,88.45044,20,27.4,5.2,6.4,-0.4,2019-20
4388,LaMarcus Aldridge,5292,34,210.82,113.398,53,18.9,7.4,2.4,-3.2,2019-20
4397,Lance Thomas,5211,32,203.2,102.0582,7,3.4,1.9,0.9,-24.2,2019-20
4401,Landry Shamet,5246,23,193.04,86.18248,53,9.3,1.9,1.9,4.3,2019-20
4404,Langston Galloway,5233,28,185.42,90.7184,66,10.3,2.3,1.5,-4.4,2019-20
4407,Larry Nance Jr.,5224,27,200.66,111.13004,56,10.1,7.3,2.2,-5.1,2019-20
4410,Lauri Markkanen,5220,23,213.36,108.86208,50,14.7,6.3,1.5,-2,2019-20
4414,LeBron James,5250,35,205.74,113.398,67,25.3,7.8,10.2,8.5,2019-20
4682,Noah Vonleh,5230,24,208.28,116.573144,36,3.7,3.4,0.8,-5,2019-20
4299,Kentavious Caldwell-Pope,5250,27,195.58,92.532768,69,9.3,2.1,1.6,3.5,2019-20
4420,Lonzo Ball,5266,22,198.12,86.18248,63,11.8,6.1,7,-0.7,2019-20
4296,Kent Bazemore,5289,30,193.04,88.45044,68,8.8,4.3,1.4,0.8,2019-20
4290,Kendrick Nunn,5256,24,187.96,86.18248,67,15.3,2.7,3.3,1.2,2019-20
4188,Josh Jackson,5253,23,203.2,93.893544,22,9,3,1.6,2.5,2019-20
4192,Josh Magette,5276,30,185.42,72.57472,8,1.5,0.8,0.6,2.4,2019-20
4195,Josh Okogie,5263,21,193.04,96.615096,62,8.6,4.3,1.6,-4.7,2019-20
4198,Josh Reaves,5227,23,193.04,97.068688,4,2,0.8,0.8,15.5,2019-20
4202,Josh Richardson,5279,26,195.58,90.7184,55,13.7,3.2,2.9,3.3,2019-20
4205,Jrue Holiday,5266,30,190.5,92.98636,61,19.1,4.8,6.7,0.5,2019-20
4208,Juan Toscano-Anderson,5237,27,198.12,94.800728,13,5.3,4,2,-12,2019-20
4211,Juancho Hernangomez,5263,24,205.74,97.068688,48,6,4.1,0.8,-2.3,2019-20
4215,Julius Randle,5269,25,203.2,113.398,64,19.5,9.7,3.1,-5.9,2019-20
4218,Justin Anderson,5211,26,195.58,104.779752,10,2.8,2.1,0.8,-0.1,2019-20
4221,Justin Holiday,5243,31,198.12,81.64656,73,8.3,3.3,1.3,1.3,2019-20
4224,Justin Jackson,5227,25,200.66,99.79024,65,5.5,2.4,0.8,0.5,2019-20
4228,Justin James,5289,23,200.66,86.18248,36,2.5,0.9,0.5,-2.4,2019-20
4231,Justin Patton,5233,23,210.82,109.315672,5,1.8,1,0.4,-32,2019-20
4234,Justin Robinson,5302,22,185.42,88.45044,9,1.4,0.6,0.8,29.9,2019-20
4237,Justin Wright-Foreman,5299,22,182.88,86.18248,4,4.8,1.3,1.8,-32.5,2019-20
4241,Justise Winslow,5253,24,198.12,100.697424,11,11.3,6.6,4,6.4,2019-20
4244,Jusuf Nurkic,5286,25,213.36,131.54168,8,17.6,10.3,4,-0.5,2019-20
4247,Juwan Morgan,5299,23,200.66,105.233344,21,1.7,1.4,0.3,12,2019-20
4250,KZ Okpala,5256,21,203.2,97.52228,5,1.4,1,0.2,-31.7,2019-20
4254,Kadeem Allen,5269,27,185.42,90.7184,10,5,0.9,2.1,-10.1,2019-20
4260,Karl-Anthony Towns,5263,24,210.82,112.490816,35,26.5,10.8,4.4,-1.5,2019-20
4264,Kawhi Leonard,5246,29,200.66,102.0582,57,27.1,7.1,4.9,12.2,2019-20
4267,Keita Bates-Diop,5230,24,203.2,103.872568,44,6.5,2.9,0.7,-10.6,2019-20
4270,Kelan Martin,5263,24,195.58,104.32616,31,6.4,3.1,0.7,-1.7,2019-20
4273,Keldon Johnson,5292,20,195.58,99.79024,17,9.1,3.4,0.9,11.3,2019-20
4280,Kelly Olynyk,5256,29,210.82,108.86208,67,8.2,4.6,1.7,1.5,2019-20
4283,Kelly Oubre Jr.,5282,24,200.66,92.079176,56,18.7,6.4,1.5,0.2,2019-20
4286,Kemba Walker,5214,30,182.88,83.460928,56,20.4,3.9,4.8,7.1,2019-20
4293,Kenrich Williams,5266,25,198.12,95.25432,39,3.5,4.8,1.5,-1,2019-20
4424,Lou Williams,5246,33,185.42,79.3786,65,18.2,3.1,5.6,4,2019-20
4417,Lonnie Walker IV,5292,21,195.58,92.532768,61,6.4,2.3,1.1,-0.4,2019-20
4430,Luc Mbah a Moute,5240,33,203.2,104.32616,3,1.7,0.7,0,-11.3,2019-20
4427,Louis King,5233,21,200.66,92.98636,10,2,1,0.5,11,2019-20
4564,Michael Frazier II,5240,26,190.5,90.7184,13,2.1,0.8,0.2,-16,2019-20
4567,Michael Kidd-Gilchrist,5227,26,198.12,105.233344,25,2.4,2.7,0.6,4.2,2019-20
4571,Michael Porter Jr.,5230,22,208.28,98.883056,55,9.3,4.7,0.8,0.7,2019-20
4574,Mikal Bridges,5282,23,198.12,94.800728,73,9.1,4,1.8,2.9,2019-20
4577,Mike Conley,5299,32,185.42,79.3786,47,14.4,3.2,4.4,2.1,2019-20
4584,Mike Muscala,5273,28,208.28,108.86208,47,4.8,2.3,0.9,-2.3,2019-20
4587,Mike Scott,5279,31,200.66,107.501304,68,6,3.6,0.8,5.7,2019-20
4590,Miles Bridges,5217,22,198.12,102.0582,65,13,5.6,1.8,-9.7,2019-20
4593,Mitchell Robinson,5269,22,213.36,108.86208,61,9.7,7,0.6,-2.9,2019-20
4597,Miye Oni,5299,22,195.58,93.439952,10,3.5,1.7,0.4,-8.6,2019-20
4600,Mo Bamba,5276,22,213.36,104.779752,62,5.4,4.9,0.7,0.5,2019-20
4603,Monte Morris,5230,25,187.96,83.007336,73,9,1.9,3.5,0.8,2019-20
4606,Montrezl Harrell,5246,26,200.66,108.86208,63,18.6,7.1,1.7,6.5,2019-20
4610,Moritz Wagner,5302,23,210.82,111.13004,45,8.7,4.9,1.2,-4.2,2019-20
4613,Moses Brown,5286,20,218.44,111.13004,9,1.2,1.6,0.1,-50.9,2019-20
4616,Mychal Mulder,5237,26,190.5,83.460928,7,11,3.3,1.1,6.2,2019-20
4619,Myles Turner,5243,24,210.82,113.398,62,12.1,6.6,1.2,0.4,2019-20
4626,Nassir Little,5286,20,195.58,99.79024,48,3.6,2.3,0.5,-3.2,2019-20
4639,Naz Mitrou-Long,5243,26,190.5,98.883056,5,2.8,1.4,1.6,20.2,2019-20
4642,Naz Reid,5263,20,205.74,119.748288,30,9,4.1,1.2,0.7,2019-20
4646,Nemanja Bjelica,5289,32,208.28,106.140528,72,11.5,6.4,2.8,-1,2019-20
4649,Nerlens Noel,5273,26,208.28,99.79024,61,7.4,4.9,0.9,1.3,2019-20
4655,Nickeil Alexander-Walker,5266,21,195.58,92.98636,47,5.7,1.8,1.9,-3.6,2019-20
4662,Nicolas Batum,5217,31,205.74,104.32616,22,3.6,4.5,3,-3.3,2019-20
4665,Nicolas Claxton,5211,21,210.82,97.52228,15,4.4,2.9,1.1,-15.6,2019-20
4668,Nicolo Melli,5266,29,205.74,107.047712,60,6.6,3,1.4,-4.3,2019-20
4672,Nigel Williams-Goss,5299,25,187.96,86.18248,10,1.4,0.6,0.6,4.5,2019-20
4675,Nikola Jokic,5230,25,213.36,128.820128,73,19.9,9.7,7,4.5,2019-20
4557,Mfiondu Kabengele,5246,22,205.74,113.398,12,3.5,0.9,0.2,0.8,2019-20
4554,Meyers Leonard,5256,28,213.36,117.93392,51,6.1,5.1,1.1,4.5,2019-20
4561,Michael Carter-Williams,5276,28,195.58,86.18248,45,7.2,3.3,2.4,1.4,2019-20
4548,Maxi Kleber,5227,28,208.28,108.86208,74,9.1,5.2,1.2,3.4,2019-20
4433,Luguentz Dort,5273,21,190.5,97.52228,36,6.8,2.3,0.8,4.4,2019-20
4437,Luka Doncic,5227,21,200.66,104.32616,61,28.8,9.4,8.8,5.3,2019-20
4440,Luka Samanic,5292,20,208.28,102.965384,3,5.3,3.3,2,8.8,2019-20
4443,Luke Kennard,5233,24,195.58,93.439952,28,15.8,3.5,4.1,-2.1,2019-20
4446,Luke Kornet,5220,24,218.44,113.398,36,6,2.3,0.9,-3.6,2019-20
4453,Malcolm Brogdon,5243,27,195.58,103.872568,54,16.5,4.9,7.1,2.3,2019-20
4456,Malcolm Miller,5295,27,200.66,95.25432,28,1.3,0.6,0.4,15.9,2019-20
4459,Malik Beasley,5263,23,193.04,84.821704,55,11.2,2.7,1.4,-1.9,2019-20
4466,Malik Monk,5217,22,190.5,90.7184,55,10.3,2.9,2.1,-10.5,2019-20
4469,Malik Newman,5224,23,190.5,86.18248,1,2,0,0,-30.4,2019-20
4476,Marc Gasol,5295,35,210.82,115.66596,44,7.5,6.3,3.3,10.1,2019-20
4479,Marco Belinelli,5292,34,195.58,99.79024,57,6.3,1.7,1.2,1.5,2019-20
4551,Melvin Frazier Jr.,5276,23,195.58,97.52228,19,2.1,0.5,0.2,-15,2019-20
4486,Marcus Smart,5214,26,190.5,99.79024,60,12.9,3.8,4.9,7.3,2019-20
4489,Marial Shayok,5279,24,195.58,89.811216,4,2.8,1.8,0.3,-23.2,2019-20
4482,Marcus Morris Sr.,5246,30,203.2,98.883056,62,16.7,5,1.4,1.5,2019-20
4495,Markelle Fultz,5276,22,190.5,94.800728,72,12.1,3.3,5.1,-1.7,2019-20
4544,Max Strus,5220,24,195.58,97.52228,2,2.5,0.5,0,105.8,2019-20
4541,Maurice Harkless,5269,27,200.66,99.79024,62,5.8,3.9,1.1,1.2,2019-20
4538,Matthew Dellavedova,5224,29,190.5,90.7184,57,3.1,1.3,3.2,-1.2,2019-20
4492,Mario Hezonja,5286,25,203.2,99.79024,53,4.8,3.5,0.9,-9.5,2019-20
4531,Matt Mooney,5224,23,187.96,90.264808,4,0.5,0.8,0.3,17.5,2019-20
4528,Matisse Thybulle,5279,23,195.58,91.171992,65,4.7,1.6,1.2,2.4,2019-20
4535,Matt Thomas,5295,25,193.04,86.18248,41,4.9,1.5,0.5,4.2,2019-20
4518,Marvin Williams,5260,34,203.2,107.501304,58,5.9,3.2,1,-2.8,2019-20
4515,Marvin Bagley III,5289,21,210.82,106.59412,13,14.2,7.5,0.8,-12.6,2019-20
4512,Marquese Chriss,5237,22,205.74,108.86208,59,9.3,6.2,1.9,-9.5,2019-20
4508,Marques Bolden,5224,22,208.28,112.944408,1,0,2,0,57.1,2019-20
4502,Marko Guduric,5253,25,198.12,91.171992,44,3.9,1.7,1,-2.6,2019-20
4499,Markieff Morris,5250,30,203.2,111.13004,58,9.7,3.8,1.3,-5.8,2019-20
4525,Mason Plumlee,5230,30,210.82,115.212368,61,7.2,5.2,2.5,-1,2019-20
4162,Jordan McLaughlin,5263,24,180.34,83.91452,30,7.6,1.6,4.2,-5.8,2019-20
5178,Yogi Ferrell,5246,28,182.88,80.739376,10,5.6,1.9,2.2,-0.4,2020-21
5201,Zion Williamson,5266,20,200.66,128.820128,61,27,7.2,3.7,2.1,2020-21
5194,Zeke Nnaji,5230,20,205.74,108.86208,42,3.2,1.5,0.2,-10.5,2020-21
5188,Zach LaVine,5220,26,195.58,90.7184,58,27.4,5,4.9,-0.8,2020-21
5181,Yuta Watanabe,5295,26,205.74,97.52228,50,4.4,3.2,0.8,-2.7,2020-21
5175,Xavier Tillman,5253,22,203.2,111.13004,59,6.6,4.3,1.3,2.9,2020-21
5165,Willie Cauley-Stein,5227,27,213.36,108.86208,53,5.3,4.5,0.7,9.4,2020-21
3780,Frank Kaminsky,5282,28,213.36,108.86208,47,6.6,4,1.7,4.6,2020-21
3784,Frank Mason,5276,27,180.34,86.18248,4,6.3,3,3,-11.1,2020-21
3787,Frank Ntilikina,5269,22,193.04,90.7184,33,2.7,0.9,0.6,-3.6,2020-21
3790,Fred VanVleet,5295,27,185.42,89.357624,52,19.6,4.2,6.3,3.3,2020-21
3793,Freddie Gillespie,5295,24,205.74,111.13004,20,5.6,4.9,0.5,-9.6,2020-21
3797,Furkan Korkmaz,5279,23,200.66,91.625584,55,9.1,2.1,1.5,6,2020-21
3800,Gabe Vincent,5256,25,190.5,90.7184,50,4.8,1.1,1.3,-5.9,2020-21
3803,Gabriel Deck,5273,26,198.12,104.779752,10,8.4,4,2.4,-12.7,2020-21
3806,Garrett Temple,5220,35,195.58,88.45044,56,7.6,2.9,2.2,1.5,2020-21
3810,Garrison Mathews,5302,24,195.58,97.52228,64,5.5,1.4,0.4,-5.6,2020-21
3813,Gary Clark,5279,26,198.12,102.0582,39,3.1,2.9,0.8,-7.7,2020-21
3816,Gary Harris,5276,26,193.04,95.25432,39,9.9,2,2,-4.2,2020-21
3819,Gary Payton II,5237,28,190.5,88.45044,10,2.5,1.1,0.1,2.2,2020-21
3823,Gary Trent Jr.,5295,22,195.58,94.800728,58,15.3,2.6,1.4,-1.8,2020-21
3826,George Hill,5279,35,193.04,85.275296,30,8.7,2,2.4,-0.4,2020-21
3829,Georges Niang,5299,28,200.66,104.32616,72,6.9,2.4,0.8,14.6,2020-21
3832,Giannis Antetokounmpo,5260,26,210.82,109.769264,61,28.1,11,5.9,9.8,2020-21
3836,Glenn Robinson III,5289,27,198.12,100.697424,23,5.3,2,0.9,-17.3,2020-21
3839,Goga Bitadze,5243,21,210.82,113.398,45,5.1,3.3,0.8,-0.8,2020-21
3842,Goran Dragic,5256,35,190.5,86.18248,50,13.4,3.4,4.4,1.5,2020-21
3846,Gordon Hayward,5217,31,200.66,102.0582,44,19.6,5.9,4.1,0.7,2020-21
3849,Gorgui Dieng,5292,31,208.28,114.305184,38,6.8,3.7,1.3,-6.7,2020-21
3852,Grant Riller,5217,24,187.96,86.18248,7,2.6,0.1,0.4,-5.4,2020-21
3855,Grant Williams,5214,22,198.12,107.047712,63,4.7,2.8,1,-1.9,2020-21
3859,Grayson Allen,5253,25,193.04,89.811216,50,10.6,3.2,2.2,0.5,2020-21
3862,Greg Whittington,5230,28,203.2,95.25432,4,0,0,0,33.3,2020-21
3865,Hamidou Diallo,5233,22,195.58,91.625584,52,11.6,5.2,1.9,-8.6,2020-21
3868,Harrison Barnes,5289,29,203.2,102.0582,58,16.1,6.6,3.5,-1.8,2020-21
3872,Harry Giles III,5286,23,210.82,108.86208,38,2.8,3.5,0.8,-10.4,2020-21
3777,Frank Jackson,5233,23,190.5,92.98636,40,9.8,2.2,0.9,-1,2020-21
3875,Hassan Whiteside,5289,32,213.36,120.20188,36,8.1,6,0.6,-8.1,2020-21
3774,Facundo Campazzo,5230,30,177.8,88.45044,65,6.1,2.1,3.6,2.8,2020-21
3764,Ersan Ilyasova,5299,34,205.74,106.59412,17,3.8,1.7,0.2,6.7,2020-21
3640,Devon Dotson,5220,21,187.96,83.91452,11,2.1,0.5,0.6,21.7,2020-21
3646,Devontae Cacok,5250,24,200.66,108.86208,20,2,1.6,0.1,18.1,2020-21
3650,Devonte' Graham,5217,26,185.42,88.45044,55,14.8,2.7,5.4,2.1,2020-21
3656,Dewayne Dedmon,5256,31,213.36,111.13004,16,7.1,5.4,0.8,17.1,2020-21
3659,Didi Louzada,5266,21,195.58,85.275296,3,2.7,1,1,-7.3,2020-21
3663,Dillon Brooks,5253,25,200.66,102.0582,67,17.2,2.9,2.3,4.5,2020-21
3669,Domantas Sabonis,5243,25,210.82,108.86208,62,20.3,12,6.7,-1.9,2020-21
3672,Donovan Mitchell,5299,24,185.42,97.52228,53,26.4,4.4,5.2,7.9,2020-21
3676,Donta Hall,5276,23,208.28,104.32616,13,5.6,4.8,0.8,-6.5,2020-21
3679,Donte DiVincenzo,5260,24,193.04,92.079176,66,10.4,5.8,3.1,8.1,2020-21
3682,Dorian Finney-Smith,5227,28,200.66,99.79024,60,9.8,5.4,1.7,5.1,2020-21
3686,Doug McDermott,5243,29,200.66,102.0582,66,13.6,3.3,1.3,-1.8,2020-21
3692,Draymond Green,5237,31,198.12,104.32616,63,7,7.1,8.9,5.4,2020-21
3695,Drew Eubanks,5292,24,205.74,111.13004,54,5.8,4.5,0.8,-4.6,2020-21
3699,Duncan Robinson,5256,27,200.66,97.52228,72,13.1,3.5,1.8,2.3,2020-21
3705,Dwayne Bacon,5276,25,198.12,100.243832,72,10.9,3.1,1.3,-11.4,2020-21
3708,Dwight Howard,5279,35,208.28,120.20188,69,7,8.4,0.9,-2.4,2020-21
3712,Dwight Powell,5227,29,208.28,108.86208,58,5.9,4,1.1,4,2020-21
3715,Dylan Windler,5224,24,198.12,88.904032,31,5.2,3.5,1.1,-6.5,2020-21
3721,E'Twaun Moore,5282,32,190.5,86.636072,27,4.9,1.7,1.5,0.5,2020-21
3725,Ed Davis,5263,32,205.74,98.883056,23,2.1,5,0.9,-7.6,2020-21
3728,Edmond Sumner,5243,25,193.04,88.904032,53,7.5,1.8,0.9,-0.4,2020-21
3731,Elfrid Payton,5269,27,190.5,88.45044,63,10.1,3.4,3.2,-3,2020-21
3738,Elijah Bryant,5260,26,195.58,95.25432,1,16,6,3,14,2020-21
3741,Elijah Hughes,5299,23,195.58,97.52228,18,1.7,0.5,0.3,-28.8,2020-21
3748,Enes Kanter,5286,29,208.28,113.398,72,11.2,11,1.2,4.9,2020-21
3751,Eric Bledsoe,5266,31,185.42,97.068688,71,12.2,3.4,3.8,-1.8,2020-21
3754,Eric Gordon,5240,32,190.5,97.52228,27,17.8,2.1,2.6,-3.3,2020-21
3761,Eric Paschall,5237,24,198.12,115.66596,40,9.5,3.2,1.3,-6.8,2020-21
3767,Evan Fournier,5214,28,200.66,92.98636,42,17.1,3,3.4,-1.4,2020-21
3878,Henry Ellenson,5295,24,208.28,108.86208,2,7.5,6,2.5,10.6,2020-21
3885,Ignas Brazdeikis,5276,22,198.12,100.243832,13,7,3.5,1.3,-4.3,2020-21
3888,Iman Shumpert,5211,31,195.58,96.161504,2,1,0.5,0,-4.3,2020-21
4019,Jared Dudley,5250,35,198.12,107.501304,12,0.5,1.8,0.4,-1.7,2020-21
4022,Jared Harper,5269,23,177.8,79.3786,8,0.4,0.3,0.1,-16.4,2020-21
4025,Jaren Jackson Jr.,5253,21,210.82,109.769264,11,14.4,5.6,1.1,-10.5,2020-21
4028,Jarred Vanderbilt,5263,22,205.74,97.068688,64,5.4,5.8,1.2,-1.1,2020-21
4032,Jarrell Brantley,5299,25,195.58,113.398,28,2.3,1,0.5,-9.1,2020-21
4035,Jarrett Allen,5224,23,210.82,110.222856,63,12.8,10,1.7,-5.6,2020-21
4038,Jarrett Culver,5263,22,198.12,88.45044,34,5.3,3.1,0.7,-10.7,2020-21
4045,Javonte Green,5220,27,193.04,92.98636,41,3.6,1.7,0.4,1.8,2020-21
4048,Jaxson Hayes,5266,21,210.82,99.79024,60,7.5,4.3,0.6,-0.9,2020-21
4051,Jay Scrubb,5246,20,195.58,99.79024,4,8.8,3.5,0.3,-2.8,2020-21
4055,Jaylen Adams,5260,25,182.88,102.0582,7,0.3,0.4,0.3,-31,2020-21
4058,Jaylen Brown,5214,24,198.12,101.151016,58,24.7,6,3.4,1.8,2020-21
4061,Jaylen Hoard,5273,22,203.2,97.975872,19,6.1,3.4,1.3,-9.1,2020-21
4064,Jaylen Nowell,5263,21,193.04,91.171992,42,9,2.3,1.5,-6.6,2020-21
4068,Jayson Tatum,5214,23,203.2,95.25432,64,26.4,7.4,4.3,3,2020-21
4071,Jeff Green,5211,34,203.2,106.59412,68,11,3.9,1.6,3.3,2020-21
4074,Jeff Teague,5260,33,190.5,88.45044,55,6.7,1.6,2.4,2.8,2020-21
4077,Jerami Grant,5233,27,203.2,95.25432,54,22.3,4.6,2.8,-3.2,2020-21
4081,Jeremiah Martin,5224,25,187.96,83.91452,9,2.4,0.8,0.4,-16.7,2020-21
4084,Jeremy Lamb,5243,29,195.58,81.64656,36,10.1,3.6,1.5,-0.3,2020-21
4094,Jerome Robinson,5302,24,193.04,86.18248,17,4.9,2.2,1.5,-13.1,2020-21
4097,Jevon Carter,5282,25,185.42,90.7184,60,4.1,1.5,1.2,3.3,2020-21
4100,Jimmy Butler,5256,31,200.66,104.32616,52,21.5,6.9,7.1,5.2,2020-21
4110,Joe Harris,5211,29,198.12,99.79024,69,14.1,3.6,1.9,6.9,2020-21
4113,Joe Ingles,5299,33,203.2,99.79024,67,12.1,3.6,4.7,11.8,2020-21
4117,Joel Embiid,5279,27,213.36,127.00576,51,28.5,10.6,2.8,12,2020-21
4120,John Collins,5207,23,205.74,106.59412,63,17.6,7.4,1.2,4.3,2020-21
4126,John Konchar,5253,25,195.58,95.25432,43,4.3,3,1.1,2.1,2020-21
4130,John Wall,5240,30,190.5,95.25432,40,20.6,3.2,6.9,-5.7,2020-21
4015,James Wiseman,5237,20,213.36,108.86208,39,11.5,5.8,0.7,-8.8,2020-21
4012,James Nunnally,5266,30,200.66,92.98636,9,1.7,1,0.3,-4.8,2020-21
4009,James Johnson,5266,34,200.66,108.86208,51,7.2,3.5,1.9,-5,2020-21
4006,James Harden,5211,31,195.58,99.79024,44,24.6,7.9,10.8,2.9,2020-21
3891,Immanuel Quickley,5269,22,190.5,86.18248,64,11.4,2.1,2,7.1,2020-21
3895,Isaac Bonga,5302,21,203.2,81.64656,40,2,1.7,0.6,-3.3,2020-21
3898,Isaac Okoro,5224,20,195.58,102.0582,67,9.6,3.1,1.9,-8.7,2020-21
3901,Isaiah Hartenstein,5224,23,213.36,113.398,46,5.1,3.9,1.2,2.1,2020-21
3904,Isaiah Joe,5279,21,193.04,74.84268,41,3.7,0.9,0.5,1.8,2020-21
3908,Isaiah Roby,5273,23,203.2,104.32616,61,8.7,5.6,1.8,-14.1,2020-21
3911,Isaiah Stewart,5233,20,203.2,113.398,68,7.9,6.7,0.9,-2,2020-21
3914,Isaiah Thomas,5266,32,175.26,83.91452,3,7.7,1.3,1.7,6.7,2020-21
3917,Ish Smith,5302,32,182.88,79.3786,44,6.7,3.4,3.9,2.3,2020-21
3921,Ivica Zubac,5246,24,213.36,108.86208,72,9,7.2,1.3,5,2020-21
3930,JJ Redick,5227,37,190.5,90.7184,44,7.4,1.5,1.2,-1.3,2020-21
3937,Ja Morant,5253,21,190.5,78.925008,63,19.1,4,7.4,2.6,2020-21
3940,JaKarr Sampson,5243,28,200.66,97.068688,29,4.6,2.7,0.1,1.1,2020-21
3944,JaMychal Green,5230,31,203.2,102.965384,58,8.1,4.8,0.9,4.1,2020-21
3637,Devin Vassell,5292,20,195.58,90.7184,62,5.5,2.8,0.9,-2.4,2020-21
3947,JaVale McGee,5230,33,213.36,122.46984,46,7.3,5.2,0.8,-6.1,2020-21
3957,Jaden McDaniels,5263,20,205.74,83.91452,63,6.8,3.7,1.1,-3.4,2020-21
3960,Jae Crowder,5282,30,198.12,106.59412,60,10.1,4.7,2.1,6.3,2020-21
3963,Jae'Sean Tate,5240,25,193.04,104.32616,70,11.3,5.3,2.5,-3.8,2020-21
3966,Jahlil Okafor,5233,25,208.28,122.46984,27,5.4,2.4,0.5,-10.2,2020-21
3970,Jahmi'us Ramsey,5289,20,190.5,86.18248,13,3.1,0.8,0.5,2.4,2020-21
3973,Jake Layman,5263,27,203.2,94.800728,45,5.1,1.5,0.6,-5.8,2020-21
3976,Jakob Poeltl,5292,25,215.9,111.13004,69,8.6,7.9,1.9,3.2,2020-21
3979,Jalen Brunson,5227,24,185.42,86.18248,68,12.6,3.4,3.5,4.9,2020-21
3983,Jalen Harris,5295,22,195.58,88.45044,13,7.4,1.4,1.3,0.3,2020-21
3986,Jalen Lecque,5243,21,193.04,83.91452,4,1.3,1.3,0.5,-14.8,2020-21
3989,Jalen McDaniels,5217,23,205.74,92.98636,47,7.4,3.6,1.1,-9.4,2020-21
3993,Jalen Smith,5282,21,208.28,97.52228,27,2,1.4,0.1,-4.4,2020-21
3999,Jamal Murray,5230,24,190.5,97.52228,48,21.2,4,4.8,8,2020-21
4002,James Ennis III,5276,30,198.12,97.52228,41,8.4,4,1.5,-3.8,2020-21
3950,Jabari Parker,5214,26,203.2,111.13004,13,5.5,3.2,0.8,-5.5,2020-21
3633,Devin Cannady,5276,25,187.96,83.007336,8,4.3,0.6,0.1,-13.7,2020-21
3630,Devin Booker,5282,24,195.58,93.439952,67,25.6,4.2,4.3,7.2,2020-21
3627,Desmond Bane,5253,23,195.58,97.52228,68,9.2,3.1,1.7,0.4,2020-21
3274,Ben McLemore,5250,28,190.5,88.45044,53,7.7,1.9,0.7,-4.2,2020-21
3277,Ben Simmons,5279,24,210.82,108.86208,58,14.3,7.2,6.9,8,2020-21
3281,Bismack Biyombo,5217,28,203.2,115.66596,66,5,5.3,1.2,-8.9,2020-21
3284,Blake Griffin,5211,32,205.74,113.398,46,11,4.9,3,2.1,2020-21
3287,Boban Marjanovic,5227,32,223.52,131.54168,33,4.7,3.9,0.3,5.9,2020-21
3290,Bobby Portis,5260,26,208.28,113.398,66,11.4,7.1,1.1,5.1,2020-21
3294,Bogdan Bogdanovic,5207,28,198.12,99.79024,44,16.4,3.6,3.3,3.9,2020-21
3297,Bojan Bogdanovic,5299,32,200.66,102.511792,72,17,3.9,1.9,9.5,2020-21
3300,Bol Bol,5230,21,218.44,99.79024,32,2.2,0.8,0.2,-24.9,2020-21
3303,Brad Wanamaker,5217,31,190.5,95.25432,61,5.5,1.7,2.9,-5.7,2020-21
3307,Bradley Beal,5302,28,190.5,93.893544,60,31.3,4.7,4.4,-0.4,2020-21
3310,Brandon Clarke,5253,24,203.2,97.52228,59,10.3,5.6,1.6,0.2,2020-21
3313,Brandon Goodwin,5207,25,182.88,81.64656,47,4.9,1.5,2,-4.4,2020-21
3317,Brandon Ingram,5266,23,203.2,86.18248,61,23.8,4.9,4.9,1,2020-21
3323,Brian Bowen II,5243,22,198.12,86.18248,6,0.5,0.5,0,9.4,2020-21
3326,Brodric Thomas,5224,24,195.58,83.91452,32,3.9,1.7,0.9,-4.5,2020-21
3330,Brook Lopez,5260,33,213.36,127.912944,70,12.3,5,0.7,6.8,2020-21
3333,Bruce Brown,5211,24,193.04,91.625584,65,8.8,5.4,1.6,3.5,2020-21
3336,Bruno Caboclo,5240,25,205.74,98.883056,6,2.8,2.3,0.2,2.3,2020-21
3339,Bruno Fernando,5207,22,205.74,108.86208,33,1.5,2.4,0.3,-6,2020-21
3343,Bryn Forbes,5260,27,187.96,92.98636,70,10,1.6,0.6,2.7,2020-21
3346,Buddy Hield,5289,28,193.04,99.79024,71,16.6,4.7,3.6,-1.8,2020-21
3349,CJ Elleby,5286,21,198.12,90.7184,30,2.3,1.1,0.3,-5.3,2020-21
3352,CJ McCollum,5286,29,190.5,86.18248,47,23.1,3.9,4.7,6.2,2020-21
3359,Caleb Martin,5217,25,195.58,92.98636,53,5,2.7,1.3,-4.9,2020-21
3366,Cam Reddish,5207,21,203.2,98.883056,26,11.2,4,1.3,-4,2020-21
3369,Cameron Johnson,5282,25,203.2,95.25432,60,9.6,3.3,1.4,5.7,2020-21
3372,Cameron Oliver,5240,24,203.2,102.0582,4,10.8,5.3,1.3,-5.2,2020-21
3375,Cameron Payne,5282,26,185.42,83.007336,60,8.4,2.4,3.6,7.8,2020-21
3271,Bam Adebayo,5256,23,205.74,115.66596,64,18.7,9,5.4,0.6,2020-21
3264,Axel Toupane,5260,28,200.66,95.25432,8,1.8,0.8,0.5,-2.2,2020-21
3261,Avery Bradley,5240,30,190.5,81.64656,27,6.4,2.1,1.7,-10.2,2020-21
3258,Austin Rivers,5230,28,193.04,90.7184,36,7.9,2.3,2.3,0,2020-21
3140,Aaron Holiday,5243,24,182.88,83.91452,66,7.2,1.3,1.9,-0.2,2020-21
3143,Aaron Nesmith,5214,21,195.58,97.52228,46,4.7,2.8,0.5,-0.5,2020-21
3147,Abdel Nader,5282,27,195.58,102.0582,24,6.7,2.6,0.8,5,2020-21
3150,Adam Mokoka,5220,22,193.04,86.18248,14,1.1,0.4,0.4,-7.1,2020-21
3157,Al Horford,5214,35,205.74,108.86208,28,14.2,6.7,3.4,-6.9,2020-21
3160,Al-Farouq Aminu,5220,30,203.2,99.79024,23,4.4,4.8,1.3,-6.2,2020-21
3163,Alec Burks,5269,29,198.12,97.068688,49,12.7,4.6,2.2,5,2020-21
3166,Aleksej Pokusevski,5273,19,213.36,86.18248,45,8.2,4.7,2.2,-16.7,2020-21
3170,Alen Smailagic,5237,20,208.28,97.52228,15,1.9,1.1,0.3,-17.6,2020-21
3173,Alex Caruso,5250,27,193.04,84.368112,58,6.4,2.9,2.8,5.5,2020-21
3176,Alex Len,5302,28,213.36,113.398,64,6.6,4.1,0.8,-4,2020-21
3179,Alfonzo McKinnie,5250,28,200.66,97.52228,39,3.1,1.4,0.2,0.7,2020-21
3183,Alize Johnson,5211,25,200.66,96.161504,18,5.2,5,0.8,-4.5,2020-21
3192,Amida Brimah,5243,27,208.28,104.32616,5,2.6,1.6,0.2,32.8,2020-21
3379,Cameron Reynolds,5240,26,200.66,102.0582,5,3,1,0.4,-28.3,2020-21
3199,Amir Coffey,5246,24,200.66,95.25432,44,3.2,1,0.5,-1.2,2020-21
3206,Andre Drummond,5250,27,208.28,126.552168,46,14.9,12,2,-3.9,2020-21
3209,Andre Iguodala,5256,37,198.12,97.52228,63,4.4,3.5,2.3,-2.5,2020-21
3212,Andre Roberson,5211,29,200.66,95.25432,5,1.2,3,0.8,-18.4,2020-21
3215,Andrew Wiggins,5237,26,200.66,89.357624,71,18.6,4.9,2.4,-0.2,2020-21
3219,Anfernee Simons,5286,22,190.5,82.100152,64,7.8,2.2,1.4,0.8,2020-21
3225,Anthony Davis,5250,28,208.28,114.758776,36,21.8,7.9,3.1,5.2,2020-21
3228,Anthony Edwards,5263,19,193.04,102.0582,72,19.3,4.7,2.9,-5,2020-21
3232,Anthony Gill,5302,28,200.66,104.32616,26,3.1,2,0.4,-1.6,2020-21
3235,Anthony Lamb,5240,23,198.12,102.965384,24,5.5,2.9,1,-9.2,2020-21
3238,Anthony Tolliver,5279,36,203.2,108.86208,11,1.5,0.9,0.2,16.6,2020-21
3245,Anzejs Pasecniks,5302,25,215.9,103.872568,1,0,1,1,-104.4,2020-21
3248,Armoni Brooks,5240,23,190.5,88.45044,20,11.2,3.4,1.5,-11.7,2020-21
3251,Aron Baynes,5295,34,208.28,117.93392,53,6.1,5.2,0.9,-4.4,2020-21
3254,Ashton Hagans,5263,21,190.5,86.18248,2,0,0,0,-21.8,2020-21
3202,Anderson Varejao,5224,38,210.82,117.93392,5,2.6,4,0.6,-37.6,2020-21
4143,Jonas Valanciunas,5253,29,210.82,120.20188,62,17.1,12.5,1.8,3.8,2020-21
3382,Caris LeVert,5243,26,198.12,92.98636,47,20.2,4.6,5.2,-0.2,2020-21
3388,Carsen Edwards,5214,23,180.34,90.7184,31,4,0.8,0.5,-4.1,2020-21
3519,Danny Green,5279,34,198.12,97.52228,69,9.5,3.8,1.7,7.1,2020-21
3522,Dante Exum,5240,25,195.58,97.068688,6,3.8,2.8,2.2,3.6,2020-21
3526,Danuel House Jr.,5240,28,198.12,99.79024,36,8.8,3.7,1.9,-11.2,2020-21
3529,Dario Saric,5282,27,208.28,102.0582,50,8.7,3.8,1.3,11.5,2020-21
3532,Darius Bazley,5273,21,203.2,94.347136,55,13.7,7.2,1.8,-13.1,2020-21
3535,Darius Garland,5224,21,185.42,87.089664,54,17.4,2.4,6.1,-6.6,2020-21
3539,Darius Miller,5273,31,198.12,102.0582,18,4.1,1.3,1.2,7.2,2020-21
3545,David Nwaba,5240,28,195.58,99.336648,30,9.2,3.9,1,-1.3,2020-21
3548,Davis Bertans,5302,28,208.28,102.0582,57,11.5,2.9,0.9,2.1,2020-21
3552,De'Aaron Fox,5289,23,190.5,83.91452,58,25.2,3.5,7.2,-4.5,2020-21
3555,De'Andre Hunter,5207,23,203.2,102.0582,23,15,4.8,1.9,5.5,2020-21
3558,De'Anthony Melton,5253,23,187.96,90.7184,52,9.1,3.1,2.5,6,2020-21
3561,DeAndre Jordan,5211,32,210.82,120.20188,57,7.5,7.5,1.6,-1.9,2020-21
3565,DeAndre' Bembry,5295,26,195.58,95.25432,51,5.7,2.9,2.1,0.4,2020-21
3568,DeMar DeRozan,5292,31,198.12,99.79024,61,21.6,4.2,6.9,-2.5,2020-21
3571,DeMarcus Cousins,5246,30,208.28,122.46984,41,8.9,6.4,1.9,-3.2,2020-21
3578,Dean Wade,5224,24,205.74,103.418976,63,6,3.4,1.2,-9,2020-21
3581,Deandre Ayton,5282,22,210.82,113.398,69,14.4,10.5,1.4,6.3,2020-21
3584,Deividas Sirvydis,5233,21,203.2,86.18248,20,2.1,1.5,0.3,-9.7,2020-21
3588,Dejounte Murray,5292,24,193.04,81.64656,67,15.7,7.1,5.4,2.3,2020-21
3591,Delon Wright,5289,29,195.58,83.91452,63,10.2,4.3,4.4,-3.5,2020-21
3594,Deni Avdija,5302,20,205.74,95.25432,54,6.3,4.9,1.2,-2.1,2020-21
3597,Dennis Schroder,5250,27,190.5,78.017824,61,15.4,3.5,5.8,2.2,2020-21
3601,Dennis Smith Jr.,5233,23,187.96,92.98636,23,6.7,2.4,3.3,-2.2,2020-21
3604,Denzel Valentine,5220,27,193.04,99.79024,62,6.5,3.2,1.7,1,2020-21
3610,Derrick Favors,5299,29,205.74,120.20188,68,5.4,5.5,0.6,2.6,2020-21
3614,Derrick Jones Jr.,5286,24,195.58,95.25432,58,6.8,3.5,0.8,-0.8,2020-21
3617,Derrick Rose,5269,32,187.96,90.7184,50,14.7,2.6,4.2,4.9,2020-21
3623,Derrick White,5292,26,193.04,86.18248,36,15.4,3,3.5,5.1,2020-21
3516,Danilo Gallinari,5207,32,208.28,105.686936,51,13.3,4.1,1.5,2.7,2020-21
3512,Daniel Theis,5220,29,203.2,111.13004,65,9.6,5.5,1.7,-1.3,2020-21
3509,Daniel Oturu,5246,21,203.2,108.86208,30,1.8,1.6,0.3,1.8,2020-21
3506,Daniel Gafford,5302,22,208.28,106.140528,54,7,4.3,0.5,4.1,2020-21
3392,Cassius Stanley,5243,21,195.58,86.18248,24,1.5,0.8,0,9.4,2020-21
3395,Cassius Winston,5302,23,185.42,83.91452,22,1.9,0.4,0.5,-21.4,2020-21
3398,Cedi Osman,5224,26,200.66,104.32616,59,10.4,3.4,2.9,-11,2020-21
3401,Chandler Hutchison,5302,25,198.12,95.25432,25,4.3,3.1,0.7,-5.2,2020-21
3408,Charlie Brown Jr.,5273,24,198.12,90.264808,9,4.4,1.9,1,-12.7,2020-21
3411,Chasson Randle,5276,28,187.96,83.91452,41,6.5,2,1.8,-15,2020-21
3418,Chimezie Metu,5289,24,205.74,102.0582,36,6.3,3.1,0.8,-7.8,2020-21
3421,Chris Boucher,5295,28,205.74,90.7184,60,13.6,6.7,1.1,3.8,2020-21
3424,Chris Chiozza,5211,25,180.34,79.3786,22,4,1.1,3,3,2020-21
3431,Chris Paul,5282,36,182.88,79.3786,70,16.4,4.5,8.9,6.5,2020-21
3434,Chris Silva,5289,24,203.2,106.140528,15,2.1,1.8,0.4,-0.5,2020-21
3437,Christian Wood,5240,25,208.28,97.068688,41,21,9.6,1.7,-3.8,2020-21
3441,Chuma Okeke,5276,22,198.12,103.872568,45,7.8,4,2.2,-7.2,2020-21
3444,Clint Capela,5207,27,208.28,108.86208,63,15.2,14.3,0.8,6.6,2020-21
3385,Carmelo Anthony,5286,37,200.66,107.954896,69,13.4,3.1,1.5,-0.6,2020-21
3447,Coby White,5220,21,195.58,88.45044,69,15.1,4.1,4.8,-2.7,2020-21
3454,Cody Zeller,5217,28,210.82,108.86208,48,9.4,6.8,1.8,2,2020-21
3457,Cole Anthony,5276,21,187.96,83.91452,47,12.9,4.7,4.1,-12.8,2020-21
3460,Collin Sexton,5224,22,185.42,86.18248,60,24.3,3.1,4.4,-9.2,2020-21
3467,Cory Joseph,5233,29,190.5,90.7184,63,8.2,2.5,3.4,-5.5,2020-21
3473,Cristiano Felicio,5220,28,210.82,122.46984,18,1.3,1.4,0.5,7.1,2020-21
3477,D'Angelo Russell,5263,25,193.04,87.543256,42,19,2.6,5.8,-7,2020-21
3480,D.J. Augustin,5240,33,180.34,83.007336,57,7.7,1.6,3.3,-1.8,2020-21
3483,D.J. Wilson,5240,25,208.28,104.779752,35,5.2,3.2,0.7,-11.3,2020-21
3486,DaQuan Jeffries,5292,23,195.58,104.32616,31,4.1,2.3,0.7,-4.5,2020-21
3490,Dakota Mathias,5279,25,193.04,90.7184,8,6,0.9,1.6,-10.6,2020-21
3493,Damian Jones,5289,26,210.82,111.13004,39,4.7,3.1,0.7,-5.1,2020-21
3496,Damian Lillard,5286,30,187.96,88.45044,67,28.8,4.2,7.5,4,2020-21
3499,Damion Lee,5237,28,195.58,95.25432,57,6.5,3.2,1.3,1.6,2020-21
3503,Damyean Dotson,5224,27,195.58,95.25432,46,6.7,2,2,-12.5,2020-21
3450,Cody Martin,5217,25,195.58,92.98636,52,4,3.1,1.7,1,2020-21
4149,Jontay Porter,5253,21,210.82,108.86208,11,2,1.3,0.1,0.9,2020-21
4153,Jordan Bell,5237,26,203.2,97.975872,6,2.5,4,1.2,-17,2020-21
4156,Jordan Bone,5276,23,187.96,81.64656,14,4,1.7,1.3,-14.3,2020-21
4799,Richaun Holmes,5289,27,208.28,106.59412,61,14.2,8.3,1.7,0.3,2020-21
4802,Ricky Rubio,5263,30,190.5,86.18248,68,8.6,3.3,6.4,-5,2020-21
4806,Robert Covington,5286,30,200.66,94.800728,70,8.5,6.7,1.7,4.8,2020-21
4809,Robert Franks,5276,24,200.66,102.0582,7,6.1,2,0.7,-14.4,2020-21
4812,Robert Williams III,5214,23,203.2,107.501304,52,8,6.9,1.8,0.4,2020-21
4815,Robert Woodard II,5289,21,198.12,106.59412,13,1.5,1.2,0.2,6.6,2020-21
4819,Robin Lopez,5302,33,213.36,127.459352,71,9,3.8,0.8,-1.1,2020-21
4822,Rodions Kurucs,5260,23,205.74,103.418976,21,1.5,1.1,0.5,-0.3,2020-21
4825,Rodney Hood,5295,28,203.2,94.347136,55,4.5,1.9,1,-6.6,2020-21
4828,Rodney McGruder,5233,29,193.04,92.98636,16,5.7,1.4,1,-4,2020-21
4832,Romeo Langford,5214,21,193.04,97.975872,18,3.1,1.9,0.7,-10.1,2020-21
4835,Rondae Hollis-Jefferson,5286,26,198.12,98.429464,11,2.5,2.4,1.2,-1.1,2020-21
4838,Royce O'Neale,5299,28,193.04,102.511792,71,7,6.8,2.5,10.4,2020-21
4842,Rudy Gay,5292,34,203.2,113.398,63,11.4,4.8,1.4,4.5,2020-21
4845,Rudy Gobert,5299,29,215.9,117.026736,71,14.3,13.5,1.3,15.9,2020-21
4848,Rui Hachimura,5302,23,203.2,104.32616,57,13.8,5.5,1.4,-2.8,2020-21
4851,Russell Westbrook,5302,32,190.5,90.7184,65,22.2,11.5,11.7,-1.2,2020-21
4858,Ryan Arcidiacono,5220,27,190.5,88.45044,44,3.1,1.5,1.3,0,2020-21
4864,Saben Lee,5233,22,187.96,83.007336,48,5.6,2,3.6,-6.3,2020-21
4868,Saddiq Bey,5233,22,200.66,97.52228,70,12.2,4.5,1.4,-5.6,2020-21
4871,Sam Merrill,5260,25,193.04,92.98636,30,3,1,0.7,-8.5,2020-21
4874,Sean McDermott,5253,24,198.12,88.45044,18,2.2,1.1,0.2,-17.7,2020-21
4877,Sekou Doumbouya,5233,20,203.2,104.32616,56,5.1,2.6,0.8,-6.9,2020-21
4881,Semi Ojeleye,5214,26,198.12,108.86208,56,4.6,2.6,0.7,-0.2,2020-21
4884,Serge Ibaka,5246,31,208.28,106.59412,41,11.1,6.7,1.8,7.4,2020-21
4887,Seth Curry,5279,30,187.96,83.91452,57,12.5,2.4,2.7,8.2,2020-21
4894,Shai Gilgeous-Alexander,5273,22,198.12,81.64656,35,23.7,4.7,5.9,-7.7,2020-21
4897,Shake Milton,5279,24,195.58,92.98636,63,13,2.3,3.1,4.3,2020-21
4904,Shaquille Harrison,5230,27,200.66,86.18248,34,2.1,1.4,0.7,-10.1,2020-21
4796,Reggie Perry,5211,21,203.2,113.398,26,3,2.8,0.5,-7.3,2020-21
4793,Reggie Jackson,5246,31,187.96,94.347136,67,10.7,2.9,3.1,7.4,2020-21
4789,Reggie Bullock,5269,30,198.12,92.98636,65,10.9,3.4,1.5,2.5,2020-21
4786,Rayjon Tucker,5279,23,190.5,94.800728,14,2.4,0.8,0.4,-5.2,2020-21
4685,Norman Powell,5286,28,190.5,97.52228,69,18.6,3.1,1.9,1.8,2020-21
4688,Norvel Pelle,5269,28,208.28,104.779752,13,1.5,1.5,0.2,12.2,2020-21
4691,OG Anunoby,5295,23,200.66,105.233344,43,15.9,5.5,2.2,3.3,2020-21
4695,Obi Toppin,5269,23,205.74,99.79024,62,4.1,2.2,0.5,2.7,2020-21
4701,Onyeka Okongwu,5207,20,203.2,106.59412,50,4.6,3.3,0.4,-6.3,2020-21
4704,Oshae Brissett,5243,23,200.66,95.25432,21,10.9,5.5,0.9,6,2020-21
4708,Otto Porter Jr.,5276,28,203.2,89.811216,28,9.7,5.4,2,-3,2020-21
4711,P.J. Tucker,5260,36,195.58,111.13004,52,3.7,3.9,1.2,-5.5,2020-21
4714,P.J. Washington,5217,22,200.66,104.32616,64,12.9,6.5,2.5,0.6,2020-21
4717,PJ Dozier,5230,24,198.12,92.98636,50,7.7,3.6,1.8,9.5,2020-21
4721,Pascal Siakam,5295,27,205.74,104.32616,56,21.4,7.2,4.5,3,2020-21
4724,Pat Connaughton,5260,28,195.58,94.800728,69,6.8,4.8,1.2,6.9,2020-21
4727,Patrick Beverley,5246,32,185.42,81.64656,37,7.5,3.2,2.1,9,2020-21
4731,Patrick McCaw,5295,25,200.66,82.100152,5,1,0.6,0.8,-33,2020-21
4907,Sindarius Thornwell,5276,26,193.04,97.52228,21,2,0.9,1,-2,2020-21
4734,Patrick Patterson,5246,32,203.2,106.59412,38,5.2,2,0.8,2.1,2020-21
4740,Patty Mills,5292,32,185.42,81.64656,68,10.8,1.7,2.4,1.4,2020-21
4744,Paul George,5246,31,203.2,99.79024,54,23.3,6.6,5.2,11.3,2020-21
4747,Paul Millsap,5230,36,200.66,116.573144,56,9,4.7,1.8,4.7,2020-21
4750,Paul Reed,5279,22,205.74,95.25432,26,3.4,2.3,0.5,11.2,2020-21
4753,Paul Watson,5295,26,198.12,95.25432,27,4.1,1.7,0.6,-1.7,2020-21
4757,Payton Pritchard,5214,23,185.42,88.45044,66,7.7,2.4,1.8,0.6,2020-21
4760,Precious Achiuwa,5256,21,203.2,102.0582,61,5,3.4,0.5,-7.2,2020-21
4763,Quinn Cook,5224,28,185.42,81.64656,23,3.3,0.7,0.8,-3.9,2020-21
4766,Quinndary Weatherspoon,5292,24,190.5,92.98636,20,2.3,0.6,0.4,-22.6,2020-21
4770,R.J. Hampton,5276,20,193.04,79.3786,51,6.9,3.5,1.7,-14.2,2020-21
4773,RJ Barrett,5269,21,198.12,97.068688,72,17.6,5.8,3,2.7,2020-21
4776,Rajon Rondo,5246,35,185.42,81.64656,45,5.4,2.4,4.4,1,2020-21
4780,Raul Neto,5302,29,185.42,81.64656,64,8.7,2.4,2.3,-1,2020-21
4783,Ray Spalding,5240,24,205.74,102.0582,2,2,2,0,-15.9,2020-21
4737,Patrick Williams,5220,19,200.66,97.52228,71,9.2,4.6,1.4,-7.1,2020-21
4682,Noah Vonleh,5211,25,208.28,116.573144,4,0,0.3,0.3,-63.2,2020-21
4913,Skylar Mays,5207,23,193.04,92.98636,33,3.8,1.1,0.9,1.4,2020-21
4920,Spencer Dinwiddie,5211,28,195.58,97.52228,3,6.7,4.3,3,29.8,2020-21
5044,Trent Forrest,5299,23,193.04,95.25432,30,2.9,1.5,1.5,-7.7,2020-21
5051,Trevor Ariza,5256,36,203.2,97.52228,30,9.4,4.8,1.8,2.8,2020-21
5054,Trey Burke,5227,28,182.88,83.91452,62,6.6,0.9,1.3,1.3,2020-21
5057,Trey Lyles,5292,25,205.74,106.140528,23,5,3.7,0.6,-14.5,2020-21
5060,Tristan Thompson,5214,30,205.74,115.212368,54,7.6,8.1,1.2,1,2020-21
5064,Troy Brown Jr.,5220,21,198.12,97.52228,34,4.7,3.1,0.9,3.1,2020-21
5070,Ty Jerome,5273,23,195.58,88.45044,33,10.7,2.8,3.6,-8.5,2020-21
5073,Ty-Shon Alexander,5282,22,190.5,88.45044,15,0.6,0.7,0.4,-6,2020-21
5077,Tyler Bey,5227,23,200.66,97.52228,18,1,1.1,0.2,-27,2020-21
5080,Tyler Cook,5233,23,203.2,115.66596,32,4.9,3,0.5,-4.2,2020-21
5083,Tyler Herro,5256,21,195.58,88.45044,54,15.1,5,3.4,-2.9,2020-21
5086,Tyler Johnson,5211,29,190.5,84.368112,39,5.4,2,1.2,3.3,2020-21
5093,Tyrell Terry,5227,20,187.96,72.57472,11,1,0.5,0.5,0,2020-21
5096,Tyrese Haliburton,5289,21,195.58,83.91452,58,13,3,5.3,-5.6,2020-21
5100,Tyrese Maxey,5279,20,187.96,90.7184,61,8,1.7,2,-1.6,2020-21
5109,Tyus Jones,5253,25,182.88,88.904032,70,6.3,2,3.7,-2.8,2020-21
5113,Udoka Azubuike,5299,21,208.28,127.00576,15,1.1,0.9,0,-54.5,2020-21
5116,Udonis Haslem,5256,41,203.2,106.59412,1,4,1,0,66.7,2020-21
5119,Vernon Carey Jr.,5217,20,205.74,122.46984,19,2.4,1.4,0.1,-3.2,2020-21
5126,Victor Oladipo,5256,29,193.04,96.615096,33,19.8,4.8,4.6,-2.3,2020-21
5132,Vincent Poirier,5279,27,213.36,106.59412,10,0.8,1.4,0.2,-19.4,2020-21
5135,Vlatko Cancar,5230,24,203.2,107.047712,41,2.1,1.2,0.3,-17.5,2020-21
5139,Wayne Ellington,5233,33,193.04,93.893544,46,9.6,1.8,1.5,-4.3,2020-21
5142,Wendell Carter Jr.,5276,22,208.28,122.46984,54,11.2,8.2,1.9,-9,2020-21
5145,Wenyen Gabriel,5266,24,205.74,92.98636,21,3.4,2.6,0.5,0.8,2020-21
5149,Wes Iwundu,5266,26,198.12,88.45044,41,2.4,2.2,0.4,-6.6,2020-21
5152,Wesley Matthews,5250,34,193.04,99.79024,58,4.8,1.6,0.9,1.9,2020-21
5155,Will Barton,5230,30,198.12,82.100152,56,12.7,4,3.2,6,2020-21
5158,Will Magnay,5266,23,208.28,106.140528,1,0,0,0,-148.2,2020-21
5041,Tremont Waters,5214,23,177.8,79.3786,26,3.8,0.8,2.4,-2,2020-21
5037,Tre Jones,5292,21,185.42,83.91452,37,2.5,0.6,1.1,-13.8,2020-21
5034,Trae Young,5207,22,185.42,81.64656,63,25.3,3.9,9.4,5.2,2020-21
5031,Torrey Craig,5282,30,200.66,100.243832,50,5.5,3.9,1,-3.7,2020-21
4923,Stanley Johnson,5295,25,198.12,109.769264,61,4.4,2.5,1.5,-6.4,2020-21
4930,Stephen Curry,5237,33,190.5,83.91452,63,32,5.5,5.8,4.6,2020-21
4933,Sterling Brown,5240,26,195.58,99.336648,51,8.2,4.4,1.4,-5.4,2020-21
4936,Steven Adams,5266,27,210.82,120.20188,58,7.6,8.9,1.9,-0.1,2020-21
4940,Svi Mykhailiuk,5273,24,200.66,92.98636,66,8.5,2.5,1.7,-8.2,2020-21
4943,T.J. Leaf,5286,24,208.28,100.697424,7,1.7,0.7,0.1,-24.8,2020-21
4946,T.J. McConnell,5243,29,185.42,86.18248,69,8.6,3.7,6.6,2.5,2020-21
4949,T.J. Warren,5243,27,203.2,99.79024,4,15.5,3.5,1.3,2.6,2020-21
4953,Tacko Fall,5214,25,226.06,141.067112,19,2.5,2.7,0.2,6.3,2020-21
4956,Taj Gibson,5269,36,205.74,105.233344,45,5.4,5.6,0.8,7.3,2020-21
4959,Talen Horton-Tucker,5250,20,193.04,106.140528,65,9,2.6,2.8,1,2020-21
4966,Taurean Prince,5224,27,200.66,98.883056,41,9.5,3.5,1.9,-6.1,2020-21
4969,Terance Mann,5246,24,195.58,97.52228,67,7,3.6,1.6,2.7,2020-21
4972,Terence Davis,5289,24,193.04,91.171992,61,8.7,2.5,1.4,-2.8,2020-21
4917,Solomon Hill,5207,30,198.12,102.511792,71,4.5,3,1.1,1,2020-21
4975,Terrance Ferguson,5279,23,198.12,86.18248,13,0.2,0.1,0.2,-17.8,2020-21
4982,Terry Rozier,5217,27,185.42,86.18248,69,20.4,4.4,4.2,-2,2020-21
4989,Thaddeus Young,5220,33,203.2,106.59412,68,12.1,6.2,4.3,4.1,2020-21
4992,Thanasis Antetokounmpo,5260,28,198.12,99.336648,57,2.9,2.2,0.8,2.5,2020-21
4995,Theo Maledon,5273,20,193.04,79.3786,65,10.1,3.2,3.5,-16.5,2020-21
4998,Theo Pinson,5269,25,195.58,96.161504,17,0.1,0.3,0.1,-16,2020-21
5002,Thomas Bryant,5302,23,208.28,112.490816,10,14.3,6.1,1.5,-2.1,2020-21
5005,Thon Maker,5224,24,213.36,100.243832,8,3.8,2.3,0.5,-10.9,2020-21
5008,Tim Frazier,5253,30,182.88,77.11064,5,1.6,1.6,3.2,7.8,2020-21
5011,Tim Hardaway Jr.,5227,29,195.58,92.98636,70,16.6,3.3,1.8,2.1,2020-21
5015,Timothe Luwawu-Cabarrot,5211,26,200.66,99.79024,58,6.4,2.2,1.2,-0.4,2020-21
5018,Tobias Harris,5279,28,203.2,102.511792,62,19.5,6.8,3.5,7.2,2020-21
5021,Tomas Satoransky,5220,29,200.66,95.25432,58,7.7,2.4,4.7,-0.8,2020-21
5024,Tony Bradley,5273,23,208.28,112.490816,42,7.1,5.7,0.9,-1.8,2020-21
5028,Tony Snell,5207,29,198.12,96.615096,47,5.3,2.4,1.3,2.2,2020-21
4979,Terrence Ross,5276,30,198.12,93.439952,46,15.6,3.4,2.3,-8.8,2020-21
5168,Willy Hernangomez,5266,27,210.82,113.398,47,7.8,7.1,1.1,0,2020-21
4678,Nikola Vucevic,5220,30,210.82,117.93392,70,23.4,11.7,3.8,-7,2020-21
4668,Nicolo Melli,5227,30,205.74,107.047712,45,3,2.7,1,1.1,2020-21
4293,Kenrich Williams,5273,26,198.12,95.25432,66,8,4.1,2.3,-6.3,2020-21
4296,Kent Bazemore,5237,31,193.04,88.45044,67,7.2,3.4,1.6,5.9,2020-21
4299,Kentavious Caldwell-Pope,5250,28,195.58,92.532768,67,9.7,2.7,1.9,3.3,2020-21
4303,Kenyon Martin Jr.,5240,20,198.12,97.52228,45,9.3,5.4,1.1,-11.5,2020-21
4306,Kevin Durant,5211,32,208.28,108.86208,35,26.9,7.1,5.6,10.7,2020-21
4313,Kevin Huerter,5207,22,200.66,86.18248,69,11.9,3.3,3.5,1.7,2020-21
4316,Kevin Knox II,5269,21,200.66,97.52228,42,3.9,1.5,0.5,-3.5,2020-21
4319,Kevin Love,5224,32,203.2,113.851592,25,12.2,7.4,2.5,-6.5,2020-21
4322,Kevin Porter Jr.,5240,21,193.04,92.079176,26,16.6,3.8,6.3,-12.6,2020-21
4326,Kevon Looney,5237,25,205.74,100.697424,61,4.1,5.3,2,6,2020-21
4329,Khem Birch,5295,28,205.74,105.686936,67,7.2,5.8,1.3,-3.6,2020-21
4332,Khris Middleton,5260,29,200.66,100.697424,68,20.4,6,5.4,6.2,2020-21
4335,Khyri Thomas,5240,25,190.5,95.25432,5,16.4,3.6,5,7.3,2020-21
4339,Killian Hayes,5233,19,195.58,88.45044,26,6.8,2.7,5.3,-10.1,2020-21
4342,Killian Tillie,5253,23,205.74,99.79024,18,3.2,1.3,0.4,9.6,2020-21
4345,Kira Lewis Jr.,5266,20,185.42,77.11064,54,6.4,1.3,2.3,0.8,2020-21
4348,Kostas Antetokounmpo,5250,23,208.28,90.7184,15,0.8,1.3,0.1,22.1,2020-21
4352,Kris Dunn,5207,27,190.5,92.98636,4,1.3,1.5,0.5,-31.4,2020-21
4355,Kristaps Porzingis,5227,25,220.98,108.86208,43,20.1,8.9,1.6,0.7,2020-21
4365,Kyle Anderson,5253,27,205.74,104.32616,69,12.4,5.7,3.6,1.6,2020-21
4368,Kyle Guy,5289,23,185.42,75.749864,31,2.8,1.1,1,-4.2,2020-21
4375,Kyle Kuzma,5250,25,208.28,100.243832,68,12.9,6.1,1.9,-0.6,2020-21
4378,Kyle Lowry,5295,35,182.88,88.904032,46,17.2,5.4,7.3,-0.3,2020-21
4384,Kyrie Irving,5211,29,187.96,88.45044,54,26.9,4.8,6,5.6,2020-21
4388,LaMarcus Aldridge,5211,35,210.82,113.398,26,13.5,4.5,1.9,-2.8,2020-21
4391,LaMelo Ball,5217,19,198.12,81.64656,51,15.7,5.9,6.1,-3.1,2020-21
4394,Lamar Stevens,5224,23,198.12,104.32616,40,4.1,2.4,0.6,-10.4,2020-21
4401,Landry Shamet,5211,24,193.04,86.18248,61,9.3,1.8,1.6,1.1,2020-21
4404,Langston Galloway,5282,29,185.42,90.7184,40,4.8,1.1,0.7,3.2,2020-21
4290,Kendrick Nunn,5256,25,187.96,86.18248,56,14.6,3.2,2.6,-0.4,2020-21
4286,Kemba Walker,5273,31,182.88,83.460928,43,19.3,4,4.9,3.1,2020-21
4283,Kelly Oubre Jr.,5237,25,200.66,92.079176,55,15.4,6,1.3,-4.6,2020-21
4280,Kelly Olynyk,5240,30,210.82,108.86208,70,13.5,7,2.9,-2.5,2020-21
4159,Jordan Clarkson,5299,29,193.04,87.996848,68,18.4,4,2.5,7.8,2020-21
4162,Jordan McLaughlin,5263,25,180.34,83.91452,51,5,2.1,3.8,-6.3,2020-21
4169,Jordan Nwora,5260,22,203.2,102.0582,30,5.7,2,0.2,-0.3,2020-21
4172,Jordan Poole,5237,22,193.04,87.996848,51,12,1.8,1.9,0.7,2020-21
4179,Josh Green,5227,20,195.58,90.7184,39,2.6,2,0.7,1.9,2020-21
4182,Josh Hall,5273,20,205.74,86.18248,21,4.1,2.8,1.3,-13.2,2020-21
4185,Josh Hart,5266,26,195.58,97.52228,47,9.2,8,2.3,-0.2,2020-21
4188,Josh Jackson,5233,24,203.2,93.893544,62,13.4,4.1,2.3,-3.4,2020-21
4195,Josh Okogie,5263,22,193.04,96.615096,59,5.4,2.6,1.1,-6.6,2020-21
4202,Josh Richardson,5227,27,195.58,90.7184,59,12.1,3.3,2.6,-0.2,2020-21
4205,Jrue Holiday,5260,31,190.5,92.98636,59,17.7,4.5,6.1,9.2,2020-21
4208,Juan Toscano-Anderson,5237,28,198.12,94.800728,53,5.7,4.4,2.8,3.8,2020-21
4211,Juancho Hernangomez,5263,25,205.74,97.068688,52,7.2,3.9,0.7,-4.9,2020-21
4215,Julius Randle,5269,26,203.2,113.398,71,24.1,10.2,6,3,2020-21
4407,Larry Nance Jr.,5224,28,200.66,111.13004,35,9.3,6.7,3.1,-5.6,2020-21
4221,Justin Holiday,5243,32,198.12,81.64656,72,10.5,3.6,1.7,-0.6,2020-21
4228,Justin James,5289,24,200.66,86.18248,36,3.9,0.8,0.6,-8.5,2020-21
4231,Justin Patton,5240,24,210.82,109.315672,13,5.4,3.8,1.1,-14.1,2020-21
4234,Justin Robinson,5273,23,185.42,88.45044,9,2.3,0.8,1,-22,2020-21
4241,Justise Winslow,5253,25,198.12,100.697424,26,6.8,4.5,1.9,-6.1,2020-21
4244,Jusuf Nurkic,5286,26,210.82,131.54168,37,11.5,9,3.4,6.9,2020-21
4247,Juwan Morgan,5299,24,200.66,105.233344,29,1.2,1,0.3,-34.1,2020-21
4250,KZ Okpala,5256,22,203.2,97.52228,37,2.5,1.8,0.5,-6.8,2020-21
4257,Karim Mane,5276,21,190.5,86.18248,10,1.1,1.4,0.4,-12,2020-21
4260,Karl-Anthony Towns,5263,25,210.82,112.490816,50,24.8,10.6,4.5,-0.1,2020-21
4264,Kawhi Leonard,5246,30,200.66,102.0582,52,24.8,6.5,5.2,12.2,2020-21
4267,Keita Bates-Diop,5292,25,203.2,103.872568,30,2.6,1.6,0.4,-7.7,2020-21
4270,Kelan Martin,5243,25,195.58,104.32616,35,4.5,2.2,0.5,15.6,2020-21
4273,Keldon Johnson,5292,21,195.58,99.79024,69,12.8,6,1.8,-3.8,2020-21
4277,Keljin Blevins,5286,25,193.04,90.7184,17,0.7,0.6,0.2,-22.2,2020-21
4224,Justin Jackson,5260,26,203.2,99.79024,34,7.2,2.3,1.5,-3,2020-21
4675,Nikola Jokic,5230,26,210.82,128.820128,72,26.4,10.8,8.3,7.7,2020-21
4410,Lauri Markkanen,5220,24,213.36,108.86208,51,13.6,5.3,0.9,-2.8,2020-21
4417,Lonnie Walker IV,5292,22,193.04,92.532768,60,11.2,2.6,1.7,-6.3,2020-21
4571,Michael Porter Jr.,5230,23,208.28,98.883056,61,19,7.3,1.1,8.3,2020-21
4574,Mikal Bridges,5282,24,198.12,94.800728,72,13.5,4.3,2.1,7.4,2020-21
4577,Mike Conley,5299,33,185.42,79.3786,51,16.2,3.5,6,16.7,2020-21
4580,Mike James,5211,30,185.42,79.3786,13,7.7,2.5,4.2,4.1,2020-21
4584,Mike Muscala,5273,29,208.28,108.86208,35,9.7,3.8,0.8,0.6,2020-21
4587,Mike Scott,5279,32,200.66,107.501304,51,4.2,2.4,0.8,-0.2,2020-21
4590,Miles Bridges,5217,23,198.12,102.0582,66,12.7,6,2.2,0.3,2020-21
4593,Mitchell Robinson,5269,23,213.36,108.86208,31,8.3,8.1,0.5,-0.4,2020-21
4597,Miye Oni,5299,23,195.58,93.439952,54,1.9,1.6,0.5,8.8,2020-21
4600,Mo Bamba,5276,23,213.36,104.779752,46,8,5.8,0.8,-12.9,2020-21
4603,Monte Morris,5230,26,187.96,83.007336,47,10.2,2,3.2,6.2,2020-21
4606,Montrezl Harrell,5250,27,200.66,108.86208,69,13.5,6.2,1.1,1.4,2020-21
4610,Moritz Wagner,5276,24,210.82,111.13004,45,6.9,3.2,1.1,-7.9,2020-21
4613,Moses Brown,5214,21,218.44,111.13004,43,8.6,8.9,0.2,-18.3,2020-21
4616,Mychal Mulder,5237,27,190.5,83.460928,60,5.6,1,0.4,2.9,2020-21
4619,Myles Turner,5243,25,210.82,113.398,47,12.6,6.5,1,1.3,2020-21
4623,Naji Marshall,5266,23,200.66,99.79024,32,7.7,4.6,2.8,-1.5,2020-21
4626,Nassir Little,5286,21,195.58,99.79024,48,4.6,2.7,0.5,-2.2,2020-21
4629,Nate Darling,5217,22,198.12,90.7184,7,1.3,0.1,0.1,-54.3,2020-21
4633,Nate Hinton,5227,22,195.58,95.25432,21,2,0.4,0.4,-28.2,2020-21
4636,Nathan Knight,5207,23,208.28,114.758776,33,3.8,2.2,0.2,-4.3,2020-21
4642,Naz Reid,5263,21,205.74,119.748288,70,11.2,4.6,1,-9.7,2020-21
4646,Nemanja Bjelica,5256,33,208.28,106.140528,37,6.5,3.4,1.9,-6.7,2020-21
4649,Nerlens Noel,5269,27,210.82,99.79024,64,5.1,6.4,0.7,0.7,2020-21
4652,Nick Richards,5217,23,213.36,111.13004,18,0.8,0.6,0.1,-10.5,2020-21
4655,Nickeil Alexander-Walker,5266,22,198.12,92.98636,46,11,3.1,2.2,-3.3,2020-21
4659,Nico Mannion,5237,20,187.96,86.18248,30,4.1,1.5,2.3,-9.4,2020-21
4662,Nicolas Batum,5246,32,203.2,104.32616,67,8.1,4.7,2.2,8.9,2020-21
4665,Nicolas Claxton,5211,22,210.82,97.52228,32,6.6,5.2,0.9,12.3,2020-21
4561,Michael Carter-Williams,5276,29,195.58,86.18248,31,8.8,4.5,4.2,-2.5,2020-21
4557,Mfiondu Kabengele,5224,23,205.74,113.398,39,2.4,1.5,0.4,-14.2,2020-21
4554,Meyers Leonard,5256,29,213.36,117.93392,3,3.3,2.3,0.7,-1.4,2020-21
4548,Maxi Kleber,5227,29,208.28,108.86208,50,7.1,5.2,1.4,4.6,2020-21
4420,Lonzo Ball,5266,23,198.12,86.18248,55,14.6,4.8,5.7,0.5,2020-21
4424,Lou Williams,5207,34,185.42,79.3786,66,11.3,2.1,3.4,1.8,2020-21
4427,Louis King,5289,22,200.66,92.98636,6,7.3,3,1.5,-3.3,2020-21
4433,Luguentz Dort,5273,22,190.5,97.52228,52,14,3.6,1.7,-7.2,2020-21
4437,Luka Doncic,5227,22,200.66,104.32616,66,27.7,8,8.6,3.9,2020-21
4440,Luka Samanic,5292,21,208.28,102.965384,33,3.7,2.1,0.5,-2,2020-21
4443,Luke Kennard,5246,25,195.58,93.439952,63,8.3,2.6,1.7,-0.4,2020-21
4446,Luke Kornet,5214,25,218.44,113.398,31,3.4,2.2,0.8,5.8,2020-21
4450,Malachi Flynn,5295,23,185.42,79.3786,47,7.5,2.5,2.9,-5.6,2020-21
4453,Malcolm Brogdon,5243,28,195.58,103.872568,56,21.2,5.3,5.9,-0.5,2020-21
4459,Malik Beasley,5263,24,193.04,84.821704,37,19.6,4.4,2.4,-7.2,2020-21
4463,Malik Fitts,5246,23,203.2,104.32616,3,1,1,0,-27.3,2020-21
4466,Malik Monk,5217,23,190.5,90.7184,42,11.7,2.4,2.1,0.8,2020-21
4473,Mamadi Diakite,5260,24,205.74,103.418976,14,3.1,2.4,0.6,3.8,2020-21
4414,LeBron James,5250,36,205.74,113.398,45,25,7.7,7.8,9.2,2020-21
4476,Marc Gasol,5250,36,210.82,115.66596,52,5,4.1,2.1,4.3,2020-21
4486,Marcus Smart,5214,27,190.5,99.79024,48,13.1,3.5,5.7,2.8,2020-21
4495,Markelle Fultz,5276,23,190.5,94.800728,8,12.9,3.1,5.4,-6.5,2020-21
4499,Markieff Morris,5250,31,205.74,111.13004,61,6.7,4.4,1.2,0.8,2020-21
4505,Markus Howard,5230,22,177.8,79.3786,37,2.8,0.6,0.5,-17,2020-21
4508,Marques Bolden,5224,23,208.28,112.944408,6,1.2,1,0,12.3,2020-21
4512,Marquese Chriss,5237,23,205.74,108.86208,2,6.5,6.5,1,-40.3,2020-21
4515,Marvin Bagley III,5289,22,210.82,106.59412,43,14.1,7.4,1,-3.7,2020-21
4522,Mason Jones,5279,22,193.04,90.7184,32,5.3,1.7,1.3,-9.9,2020-21
4525,Mason Plumlee,5233,31,210.82,115.212368,56,10.4,9.3,3.6,-4.9,2020-21
4528,Matisse Thybulle,5279,24,195.58,91.171992,65,3.9,1.9,1,4.6,2020-21
4535,Matt Thomas,5299,26,193.04,86.18248,45,3.1,1,0.4,-9.3,2020-21
4538,Matthew Dellavedova,5224,30,190.5,90.7184,13,2.8,1.8,4.5,-3.1,2020-21
4541,Maurice Harkless,5289,28,200.66,99.79024,37,5.2,2.4,1.2,-2.9,2020-21
4544,Max Strus,5256,25,195.58,97.52228,39,6.1,1.1,0.6,-4.2,2020-21
4482,Marcus Morris Sr.,5246,31,203.2,98.883056,57,13.4,4.1,1,4.2,2020-21
3137,Aaron Gordon,5230,25,203.2,106.59412,50,12.4,5.7,3.2,2.1,2020-21
